###################### Train App Config ####################
paths:
  dataset_dir: /home/u21/kapilparab/sam3-UA/sam3/train/data/geo/
  experiment_log_dir: /home/u21/kapilparab/sam3-UA/sam3/train/data/geo/experiments/
  bpe_path: /home/u21/kapilparab/sam3-UA/sam3/assets/bpe_simple_vocab_16e6.txt.gz
geo_seg:
  num_images: 100
  supercategory: geo_segmentation
  train_transforms:
  - _target_: sam3.train.transforms.basic_for_api.ComposeAPI
    transforms:
    - _target_: sam3.train.transforms.filter_query_transforms.FlexibleFilterFindGetQueries
      query_filter:
        _target_: sam3.train.transforms.filter_query_transforms.FilterCrowds
    - _target_: sam3.train.transforms.segmentation.DecodeRle
    - _target_: sam3.train.transforms.basic_for_api.RandomResizeAPI
      sizes:
        _target_: sam3.train.transforms.basic.get_random_resize_scales
        size: ${scratch.resolution}
        min_size: 480
        rounded: false
      max_size:
        _target_: sam3.train.transforms.basic.get_random_resize_max_size
        size: ${scratch.resolution}
      square: true
      consistent_transform: ${scratch.consistent_transform}
    - _target_: sam3.train.transforms.basic_for_api.PadToSizeAPI
      size: ${scratch.resolution}
      consistent_transform: ${scratch.consistent_transform}
    - _target_: sam3.train.transforms.basic_for_api.ToTensorAPI
    - _target_: sam3.train.transforms.filter_query_transforms.FlexibleFilterFindGetQueries
      query_filter:
        _target_: sam3.train.transforms.filter_query_transforms.FilterEmptyTargets
    - _target_: sam3.train.transforms.basic_for_api.NormalizeAPI
      mean: ${scratch.train_norm_mean}
      std: ${scratch.train_norm_std}
    - _target_: sam3.train.transforms.filter_query_transforms.FlexibleFilterFindGetQueries
      query_filter:
        _target_: sam3.train.transforms.filter_query_transforms.FilterEmptyTargets
  - _target_: sam3.train.transforms.filter_query_transforms.FlexibleFilterFindGetQueries
    query_filter:
      _target_: sam3.train.transforms.filter_query_transforms.FilterFindQueriesWithTooManyOut
      max_num_objects: ${scratch.max_ann_per_img}
  val_transforms:
  - _target_: sam3.train.transforms.basic_for_api.ComposeAPI
    transforms:
    - _target_: sam3.train.transforms.basic_for_api.RandomResizeAPI
      sizes: ${scratch.resolution}
      max_size:
        _target_: sam3.train.transforms.basic.get_random_resize_max_size
        size: ${scratch.resolution}
      square: true
      consistent_transform: false
    - _target_: sam3.train.transforms.basic_for_api.ToTensorAPI
    - _target_: sam3.train.transforms.basic_for_api.NormalizeAPI
      mean: ${scratch.train_norm_mean}
      std: ${scratch.train_norm_std}
  loss:
    _target_: sam3.train.loss.sam3_loss.Sam3LossWrapper
    matcher: ${scratch.matcher}
    o2m_weight: 2.0
    o2m_matcher:
      _target_: sam3.train.matcher.BinaryOneToManyMatcher
      alpha: 0.3
      threshold: 0.4
      topk: 4
    use_o2m_matcher_on_o2m_aux: false
    loss_fns_find:
    - _target_: sam3.train.loss.loss_fns.Boxes
      weight_dict:
        loss_bbox: 5.0
        loss_giou: 2.0
    - _target_: sam3.train.loss.loss_fns.IABCEMdetr
      weak_loss: false
      weight_dict:
        loss_ce: 20.0
        presence_loss: 20.0
      pos_weight: 10.0
      alpha: 0.25
      gamma: 2
      use_presence: true
      pos_focal: false
      pad_n_queries: 200
      pad_scale_pos: 1.0
    - _target_: sam3.train.loss.loss_fns.Masks
      focal_alpha: 0.25
      focal_gamma: 2.0
      weight_dict:
        loss_mask: 200.0
        loss_dice: 10.0
      compute_aux: false
    loss_fn_semantic_seg:
      _target_: sam3.train.loss.loss_fns.SemanticSegCriterion
      presence_head: true
      presence_loss: false
      focal: true
      focal_alpha: 0.6
      focal_gamma: 2.0
      downsample: false
      weight_dict:
        loss_semantic_seg: 20.0
        loss_semantic_presence: 1.0
        loss_semantic_dice: 30.0
    scale_by_find_batch_size: ${scratch.scale_by_find_batch_size}
scratch:
  enable_segmentation: true
  d_model: 256
  pos_embed:
    _target_: sam3.model.position_encoding.PositionEmbeddingSine
    num_pos_feats: ${scratch.d_model}
    normalize: true
    scale: null
    temperature: 10000
  use_presence_eval: true
  original_box_postprocessor:
    _target_: sam3.eval.postprocessors.PostProcessImage
    max_dets_per_img: -1
    use_original_ids: true
    use_original_sizes_box: true
    use_presence: ${scratch.use_presence_eval}
  matcher:
    _target_: sam3.train.matcher.BinaryHungarianMatcherV2
    focal: true
    cost_class: 2.0
    cost_bbox: 5.0
    cost_giou: 2.0
    alpha: 0.25
    gamma: 2
    stable: false
  scale_by_find_batch_size: true
  resolution: 1008
  consistent_transform: false
  max_ann_per_img: 200
  train_norm_mean:
  - 0.5
  - 0.5
  - 0.5
  train_norm_std:
  - 0.5
  - 0.5
  - 0.5
  val_norm_mean:
  - 0.5
  - 0.5
  - 0.5
  val_norm_std:
  - 0.5
  - 0.5
  - 0.5
  num_train_workers: 4
  num_val_workers: 2
  max_data_epochs: 20
  target_epoch_size: 1500
  hybrid_repeats: 1
  context_length: 2
  gather_pred_via_filesys: false
  lr_scale: 0.1
  lr_transformer: ${times:8e-4,${scratch.lr_scale}}
  lr_vision_backbone: ${times:2.5e-4,${scratch.lr_scale}}
  lr_language_backbone: ${times:5e-5,${scratch.lr_scale}}
  lrd_vision_backbone: 0.9
  wd: 0.1
  scheduler_timescale: 20
  scheduler_warmup: 20
  scheduler_cooldown: 20
  val_batch_size: 1
  collate_fn_val:
    _target_: sam3.train.data.collator.collate_fn_api
    _partial_: true
    repeats: ${scratch.hybrid_repeats}
    dict_key: geo_val
    with_seg_masks: ${scratch.enable_segmentation}
  gradient_accumulation_steps: 1
  train_batch_size: 1
  collate_fn:
    _target_: sam3.train.data.collator.collate_fn_api
    _partial_: true
    repeats: ${scratch.hybrid_repeats}
    dict_key: all
    with_seg_masks: ${scratch.enable_segmentation}
trainer:
  _target_: sam3.train.trainer.Trainer
  skip_saving_ckpts: true
  empty_gpu_mem_cache_after_eval: true
  skip_first_val: true
  max_epochs: 20
  accelerator: cuda
  seed_value: 123
  val_epoch_freq: 10
  mode: train
  gradient_accumulation_steps: ${scratch.gradient_accumulation_steps}
  distributed:
    backend: nccl
    find_unused_parameters: true
    gradient_as_bucket_view: true
  loss:
    all: ${geo_seg.loss}
    default:
      _target_: sam3.train.loss.sam3_loss.DummyLoss
  data:
    train:
      _target_: sam3.train.data.torch_dataset.TorchDataset
      dataset:
        _target_: sam3.train.data.sam3_image_dataset.Sam3ImageDataset
        limit_ids: ${geo_seg.num_images}
        transforms: ${geo_seg.train_transforms}
        load_segmentation: ${scratch.enable_segmentation}
        max_ann_per_img: 500000
        multiplier: 1
        max_train_queries: 50000
        max_val_queries: 50000
        training: true
        use_caching: false
        img_folder: ${paths.dataset_dir}/train/reference/
        ann_file: ${paths.dataset_dir}/train/annotations.json
      shuffle: true
      batch_size: ${scratch.train_batch_size}
      num_workers: ${scratch.num_train_workers}
      pin_memory: true
      drop_last: true
      collate_fn: ${scratch.collate_fn}
    val:
      _target_: sam3.train.data.torch_dataset.TorchDataset
      dataset:
        _target_: sam3.train.data.sam3_image_dataset.Sam3ImageDataset
        load_segmentation: ${scratch.enable_segmentation}
        coco_json_loader:
          _target_: sam3.train.data.coco_json_loaders.COCO_FROM_JSON
          include_negatives: true
          category_chunk_size: 2
          _partial_: true
        img_folder: ${paths.dataset_dir}/test/reference/
        ann_file: ${paths.dataset_dir}/test/annotations.json
        transforms: ${geo_seg.val_transforms}
        max_ann_per_img: 100000
        multiplier: 1
        training: false
      shuffle: false
      batch_size: ${scratch.val_batch_size}
      num_workers: ${scratch.num_val_workers}
      pin_memory: true
      drop_last: false
      collate_fn: ${scratch.collate_fn_val}
  model:
    _target_: sam3.model_builder.build_sam3_image_model
    bpe_path: ${paths.bpe_path}
    device: cpus
    eval_mode: false
    enable_segmentation: ${scratch.enable_segmentation}
  meters:
    val:
      geo_val:
        detection:
          _target_: sam3.eval.coco_writer.PredictionDumper
          iou_type: segm
          dump_dir: ${launcher.experiment_log_dir}/${geo_seg.supercategory}
          merge_predictions: true
          postprocessor: ${scratch.original_box_postprocessor}
          gather_pred_via_filesys: ${scratch.gather_pred_via_filesys}
          maxdets: 100
          pred_file_evaluators:
          - _target_: sam3.eval.coco_eval_offline.CocoEvaluatorOfflineWithPredFileEvaluators
            gt_path: ${paths.dataset_dir}/test/annotations.json
            tide: false
            iou_type: segm
  optim:
    amp:
      enabled: true
      amp_dtype: bfloat16
    optimizer:
      _target_: torch.optim.AdamW
    gradient_clip:
      _target_: sam3.train.optim.optimizer.GradientClipper
      max_norm: 0.1
      norm_type: 2
    param_group_modifiers:
    - _target_: sam3.train.optim.optimizer.layer_decay_param_modifier
      _partial_: true
      layer_decay_value: ${scratch.lrd_vision_backbone}
      apply_to: backbone.vision_backbone.trunk
      overrides:
      - pattern: '*pos_embed*'
        value: 1.0
    options:
      lr:
      - scheduler:
          _target_: sam3.train.optim.schedulers.InverseSquareRootParamScheduler
          base_lr: ${scratch.lr_transformer}
          timescale: ${scratch.scheduler_timescale}
          warmup_steps: ${scratch.scheduler_warmup}
          cooldown_steps: ${scratch.scheduler_cooldown}
      - scheduler:
          _target_: sam3.train.optim.schedulers.InverseSquareRootParamScheduler
          base_lr: ${scratch.lr_vision_backbone}
          timescale: ${scratch.scheduler_timescale}
          warmup_steps: ${scratch.scheduler_warmup}
          cooldown_steps: ${scratch.scheduler_cooldown}
        param_names:
        - backbone.vision_backbone.*
      - scheduler:
          _target_: sam3.train.optim.schedulers.InverseSquareRootParamScheduler
          base_lr: ${scratch.lr_language_backbone}
          timescale: ${scratch.scheduler_timescale}
          warmup_steps: ${scratch.scheduler_warmup}
          cooldown_steps: ${scratch.scheduler_cooldown}
        param_names:
        - backbone.language_backbone.*
      weight_decay:
      - scheduler:
          _target_: fvcore.common.param_scheduler.ConstantParamScheduler
          value: ${scratch.wd}
      - scheduler:
          _target_: fvcore.common.param_scheduler.ConstantParamScheduler
          value: 0.0
        param_names:
        - '*bias*'
        module_cls_names:
        - torch.nn.LayerNorm
  checkpoint:
    save_dir: ${launcher.experiment_log_dir}/checkpoints
    save_freq: 0
  logging:
    tensorboard_writer:
      _target_: sam3.train.utils.logger.make_tensorboard_logger
      log_dir: ${launcher.experiment_log_dir}/tensorboard
      flush_secs: 120
      should_log: true
    wandb_writer: null
    log_dir: ${launcher.experiment_log_dir}/logs/${geo_seg.supercategory}
    log_freq: 10
launcher:
  num_nodes: 1
  gpus_per_node: 1
  experiment_log_dir: ${paths.experiment_log_dir}
  multiprocessing_context: forkserver
submitit:
  account: null
  partition: null
  qos: null
  timeout_hour: 72
  use_cluster: false
  cpus_per_task: 10
  port_range:
  - 10000
  - 65000
  constraint: null
  job_array:
    num_tasks: 100
    task_index: 0

############################################################
Experiment Log Dir:
/home/u21/kapilparab/sam3-UA/sam3/train/data/geo/experiments/
INFO 2026-03-28 16:09:03,751 train_utils.py: 106: MACHINE SEED: 2460
INFO 2026-03-28 16:09:03,770 train_utils.py: 152: Logging ENV_VARIABLES
INFO 2026-03-28 16:09:03,770 train_utils.py: 153: BASH_ENV=/opt/ohpc/admin/lmod/lmod/init/bash
BASH_FUNC_ml%%=() {  eval "$($LMOD_DIR/ml_cmd "$@")"
}
BASH_FUNC_module%%=() {  if [ -z "${LMOD_SH_DBG_ON+x}" ]; then
 case "$-" in 
 *v*x*)
 __lmod_sh_dbg='vx'
 ;;
 *v*)
 __lmod_sh_dbg='v'
 ;;
 *x*)
 __lmod_sh_dbg='x'
 ;;
 esac;
 fi;
 if [ -n "${__lmod_sh_dbg:-}" ]; then
 set +$__lmod_sh_dbg;
 echo "Shell debugging temporarily silenced: export LMOD_SH_DBG_ON=1 for Lmod's output" 1>&2;
 fi;
 eval "$($LMOD_CMD shell "$@")" && eval "$(${LMOD_SETTARG_CMD:-:} -s sh)";
 __lmod_my_status=$?;
 if [ -n "${__lmod_sh_dbg:-}" ]; then
 echo "Shell debugging restarted" 1>&2;
 set -$__lmod_sh_dbg;
 fi;
 unset __lmod_sh_dbg;
 return $__lmod_my_status
}
BASH_FUNC_which%%=() {  ( alias;
 eval ${which_declare} ) | /usr/bin/which --tty-only --read-alias --read-functions --show-tilde --show-dot $@
}
CPPFLAGS=-I/opt/ohpc/pub/apps/python/3.11.4/include
CUDA_VISIBLE_DEVICES=0
DEBUGINFOD_IMA_CERT_PATH=/etc/keys/ima:
DEBUGINFOD_URLS=https://debuginfod.rockylinux.org/ 
ENVIRONMENT=BATCH
FI_PROVIDER=verbs
FPATH=/opt/ohpc/admin/lmod/lmod/init/ksh_funcs
HF_TOKEN=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
HISTCONTROL=ignoredups
HISTSIZE=1000
HOME=/home/u21/kapilparab
HOSTNAME=r7u25n1
HWLOC_BIN=/opt/ohpc/pub/libs/hwloc/bin
HWLOC_DIR=/opt/ohpc/pub/libs/hwloc
HWLOC_INC=/opt/ohpc/pub/libs/hwloc/include
HWLOC_LIB=/opt/ohpc/pub/libs/hwloc/lib
HYDRA_BOOTSTRAP=slurm
HYDRA_FULL_ERROR=1
HYDRA_LAUNCHER_EXTRA_ARGS=--external-launcher
INCLUDE=/opt/ohpc/pub/compiler/gcc/13.2.0/include
I_MPI_FABRICS=shm:ofi
I_MPI_HYDRA_BOOTSTRAP=slurm
I_MPI_HYDRA_BOOTSTRAP_EXEC_EXTRA_ARGS=--external-launcher
LANG=en_US.UTF-8
LC_TIME=C
LDFLAGS=-L/opt/ohpc/pub/apps/python/3.11.4/lib
LD_LIBRARY_PATH=/opt/ohpc/pub/apps/python/3.11.4/lib:/opt/ohpc/pub/mpi/libfabric/1.18.0/lib:/opt/ohpc/pub/mpi/ucx-ohpc/1.18.0/lib:/opt/ohpc/pub/libs/hwloc/lib:/opt/ohpc/pub/mpi/openmpi5-gnu13/5.0.5/lib:/opt/ohpc/pub/compiler/gcc/13.2.0/lib64
LESSOPEN=||/usr/bin/lesspipe.sh %s
LIBFABRIC_BIN=/opt/ohpc/pub/mpi/libfabric/1.18.0/bin
LIBFABRIC_DIR=/opt/ohpc/pub/mpi/libfabric/1.18.0
LIBFABRIC_INC=/opt/ohpc/pub/mpi/libfabric/1.18.0/include
LIBFABRIC_LIB=/opt/ohpc/pub/mpi/libfabric/1.18.0/lib
LMOD_CMD=/opt/ohpc/admin/lmod/lmod/libexec/lmod
LMOD_COLORIZE=no
LMOD_DIR=/opt/ohpc/admin/lmod/lmod/libexec
LMOD_FAMILY_COMPILER=gnu13
LMOD_FAMILY_COMPILER_VERSION=13.2.0
LMOD_FAMILY_MPI=openmpi5
LMOD_FAMILY_MPI_VERSION=5.0.5
LMOD_FULL_SETTARG_SUPPORT=no
LMOD_PKG=/opt/ohpc/admin/lmod/lmod
LMOD_PREPEND_BLOCK=normal
LMOD_ROOT=/opt/ohpc/admin/lmod
LMOD_SETTARG_CMD=:
LMOD_SETTARG_FULL_SUPPORT=no
LMOD_VERSION=8.7.64
LOADEDMODULES=autotools:prun/2.2:gnu13/13.2.0:hwloc/2.12.0:ucx/1.18.0:libfabric/1.18.0:openmpi5/5.0.5:ohpc:python/3.11/3.11.4
LOCAL_RANK=0
LOGNAME=kapilparab
LS_COLORS=rs=0:di=01;34:ln=01;36:mh=00:pi=40;33:so=01;35:do=01;35:bd=40;33;01:cd=40;33;01:or=40;31;01:mi=01;37;41:su=37;41:sg=30;43:ca=30;41:tw=30;42:ow=34;42:st=37;44:ex=01;32:*.tar=01;31:*.tgz=01;31:*.arc=01;31:*.arj=01;31:*.taz=01;31:*.lha=01;31:*.lz4=01;31:*.lzh=01;31:*.lzma=01;31:*.tlz=01;31:*.txz=01;31:*.tzo=01;31:*.t7z=01;31:*.zip=01;31:*.z=01;31:*.dz=01;31:*.gz=01;31:*.lrz=01;31:*.lz=01;31:*.lzo=01;31:*.xz=01;31:*.zst=01;31:*.tzst=01;31:*.bz2=01;31:*.bz=01;31:*.tbz=01;31:*.tbz2=01;31:*.tz=01;31:*.deb=01;31:*.rpm=01;31:*.jar=01;31:*.war=01;31:*.ear=01;31:*.sar=01;31:*.rar=01;31:*.alz=01;31:*.ace=01;31:*.zoo=01;31:*.cpio=01;31:*.7z=01;31:*.rz=01;31:*.cab=01;31:*.wim=01;31:*.swm=01;31:*.dwm=01;31:*.esd=01;31:*.jpg=01;35:*.jpeg=01;35:*.mjpg=01;35:*.mjpeg=01;35:*.gif=01;35:*.bmp=01;35:*.pbm=01;35:*.pgm=01;35:*.ppm=01;35:*.tga=01;35:*.xbm=01;35:*.xpm=01;35:*.tif=01;35:*.tiff=01;35:*.png=01;35:*.svg=01;35:*.svgz=01;35:*.mng=01;35:*.pcx=01;35:*.mov=01;35:*.mpg=01;35:*.mpeg=01;35:*.m2v=01;35:*.mkv=01;35:*.webm=01;35:*.webp=01;35:*.ogm=01;35:*.mp4=01;35:*.m4v=01;35:*.mp4v=01;35:*.vob=01;35:*.qt=01;35:*.nuv=01;35:*.wmv=01;35:*.asf=01;35:*.rm=01;35:*.rmvb=01;35:*.flc=01;35:*.avi=01;35:*.fli=01;35:*.flv=01;35:*.gl=01;35:*.dl=01;35:*.xcf=01;35:*.xwd=01;35:*.yuv=01;35:*.cgm=01;35:*.emf=01;35:*.ogv=01;35:*.ogx=01;35:*.aac=01;36:*.au=01;36:*.flac=01;36:*.m4a=01;36:*.mid=01;36:*.midi=01;36:*.mka=01;36:*.mp3=01;36:*.mpc=01;36:*.ogg=01;36:*.ra=01;36:*.wav=01;36:*.oga=01;36:*.opus=01;36:*.spx=01;36:*.xspf=01;36:
MAIL=/var/spool/mail/kapilparab
MANPATH=/opt/ohpc/pub/apps/python/3.11.4/share/man:/opt/TurboVNC/man:/opt/ohpc/pub/mpi/libfabric/1.18.0/share/man:/opt/ohpc/pub/libs/hwloc/man:/opt/ohpc/pub/mpi/openmpi5-gnu13/5.0.5/share/man:/opt/ohpc/pub/compiler/gcc/13.2.0/share/man:/opt/ohpc/pub/utils/autotools/share/man:/usr/local/share/man:/usr/share/man/overrides:/usr/share/man/en:/usr/share/man:/opt/ohpc/admin/lmod/lmod/share/man::
MASTER_ADDR=localhost
MASTER_PORT=37604
MKL_NUM_THREADS=1
MODULEPATH=/opt/ohpc/pub/moduledeps/gnu13-openmpi5:/opt/ohpc/pub/moduledeps/gnu13:/opt/ohpc/pub/modulefiles
MODULESHOME=/opt/ohpc/admin/lmod/lmod
MOTD_SHOWN=pam
MPI_DIR=/opt/ohpc/pub/mpi/openmpi5-gnu13/5.0.5
OLDPWD=/home/u21/kapilparab/Capstone
OMPI_MCA_btl_tcp_if_include=enp1s0f1np1
OMPI_MCA_mca_base_component_show_load_errors=0
OMPI_MCA_oob_tcp_if_include=enp1s0f1np1
OMPI_MCA_plm_slurm_args=--external-launcher
OMPI_MCA_pml=ucx
OMP_NUM_THREADS=1
PATH=/home/u21/kapilparab/Capstone/sam3_venv/bin:/opt/ohpc/pub/apps/python/3.11.4/bin:/home/u21/kapilparab/.local/bin:/home/u21/kapilparab/bin:/opt/TurboVNC/bin:/opt/ohpc/pub/mpi/libfabric/1.18.0/bin:/opt/ohpc/pub/mpi/ucx-ohpc/1.18.0/bin:/opt/ohpc/pub/libs/hwloc/bin:/opt/ohpc/pub/mpi/openmpi5-gnu13/5.0.5/bin:/opt/ohpc/pub/compiler/gcc/13.2.0/bin:/opt/ohpc/pub/utils/prun/2.2:/opt/ohpc/pub/utils/autotools/bin:/opt/ohpc/pub/bin:/usr/local/bin:/usr/bin:/usr/local/sbin:/usr/sbin
PKG_CONFIG_PATH=/opt/ohpc/pub/apps/python/3.11.4/lib/pkgconfig:/opt/ohpc/pub/mpi/libfabric/1.18.0/lib/pkgconfig:/opt/ohpc/pub/mpi/ucx-ohpc/1.18.0/lib/pkgconfig:/opt/ohpc/pub/mpi/openmpi5-gnu13/5.0.5/lib/pkgconfig
PROMPT_COMMAND=echo -n "(puma) "
PRTE_MCA_plm_slurm_args=--external-launcher
PS1=(sam3_venv) 
PWD=/home/u21/kapilparab/sam3-UA
PYTHON_BASE=/opt/ohpc/pub/apps/python/3.11.4
RANK=0
SELINUX_LEVEL_REQUESTED=
SELINUX_ROLE_REQUESTED=
SELINUX_USE_CURRENT_RANGE=
SHELL=/bin/bash
SHLVL=3
SLURMD_NODENAME=r7u25n1
SLURM_CLUSTER_NAME=puma
SLURM_CONF=/var/spool/slurm/d/conf-cache/slurm.conf
SLURM_CPUS_ON_NODE=8
SLURM_CPUS_PER_TASK=8
SLURM_GET_USER_ENV=1
SLURM_GPUS_ON_NODE=1
SLURM_GTIDS=0
SLURM_JOBID=21610190
SLURM_JOB_ACCOUNT=nlp
SLURM_JOB_CPUS_PER_NODE=8
SLURM_JOB_END_TIME=1774742926
SLURM_JOB_GID=31357
SLURM_JOB_GPUS=0
SLURM_JOB_ID=21610190
SLURM_JOB_NAME=sam3_finetune
SLURM_JOB_NODELIST=r7u25n1
SLURM_JOB_NUM_NODES=1
SLURM_JOB_PARTITION=gpu_standard
SLURM_JOB_QOS=part_qos_standard
SLURM_JOB_START_TIME=1774739326
SLURM_JOB_UID=4195
SLURM_JOB_USER=kapilparab
SLURM_LOCALID=0
SLURM_MEM_PER_CPU=5120
SLURM_NNODES=1
SLURM_NODEID=0
SLURM_NODELIST=r7u25n1
SLURM_OOM_KILL_STEP=0
SLURM_PRIO_PROCESS=0
SLURM_PROCID=0
SLURM_SUBMIT_DIR=/home/u21/kapilparab/Capstone
SLURM_SUBMIT_HOST=junonia.hpc.arizona.edu
SLURM_TASKS_PER_NODE=1
SLURM_TASK_PID=40065
SLURM_TOPOLOGY_ADDR=r7l1.r7u25n1
SLURM_TOPOLOGY_ADDR_PATTERN=switch.node
SLURM_TRES_PER_TASK=cpu=8
SSH_CLIENT=128.196.131.12 51992 22
SSH_CONNECTION=128.196.131.12 51992 10.141.250.29 22
SSH_TTY=/dev/pts/13
S_COLORS=auto
TERM=xterm-256color
TMPDIR=/tmp
TOKENIZERS_PARALLELISM=false
TORCHINDUCTOR_CACHE_DIR=/tmp/torchinductor_kapilparab
TORCH_NCCL_ASYNC_ERROR_HANDLING=1
UCX_BIN=/opt/ohpc/pub/mpi/ucx-ohpc/1.18.0/bin
UCX_DIR=/opt/ohpc/pub/mpi/ucx-ohpc/1.18.0
UCX_IB_GID_INDEX=0
UCX_INC=/opt/ohpc/pub/mpi/ucx-ohpc/1.18.0/include
UCX_LIB=/opt/ohpc/pub/mpi/ucx-ohpc/1.18.0/lib
UCX_NET_DEVICES=bnxt_re1:1
UCX_POSIX_HUGETLB_MODE=n
UCX_SYSV_HUGETLB_MODE=n
UCX_WARN_UNUSED_ENV_VARS=N
USER=kapilparab
VIRTUAL_ENV=/home/u21/kapilparab/Capstone/sam3_venv
VIRTUAL_ENV_PROMPT=(sam3_venv) 
WORLD_SIZE=1
XDG_DATA_DIRS=/home/u21/kapilparab/.local/share/flatpak/exports/share:/var/lib/flatpak/exports/share:/usr/local/share:/usr/share
XDG_RUNTIME_DIR=/run/user/4195
XDG_SESSION_CLASS=user
XDG_SESSION_ID=62131
XDG_SESSION_TYPE=tty
XDISK_SERVER=minister.hpc.arizona.edu
_=/home/u21/kapilparab/Capstone/sam3_venv/bin/python
_LMFILES_=/opt/ohpc/pub/modulefiles/autotools:/opt/ohpc/pub/modulefiles/prun/2.2:/opt/ohpc/pub/modulefiles/gnu13/13.2.0.lua:/opt/ohpc/pub/modulefiles/hwloc/2.12.0:/opt/ohpc/pub/modulefiles/ucx/1.18.0:/opt/ohpc/pub/modulefiles/libfabric/1.18.0:/opt/ohpc/pub/moduledeps/gnu13/openmpi5/5.0.5:/opt/ohpc/pub/modulefiles/ohpc:/opt/ohpc/pub/modulefiles/python/3.11/3.11.4
_ModuleTable001_=X01vZHVsZVRhYmxlXyA9IHsKTVR2ZXJzaW9uID0gMywKY19yZWJ1aWxkVGltZSA9IGZhbHNlLApjX3Nob3J0VGltZSA9IGZhbHNlLApkZXB0aFQgPSB7fSwKZmFtaWx5ID0gewpNUEkgPSAib3Blbm1waTUiLApjb21waWxlciA9ICJnbnUxMyIsCn0sCm1UID0gewphdXRvdG9vbHMgPSB7CmZuID0gIi9vcHQvb2hwYy9wdWIvbW9kdWxlZmlsZXMvYXV0b3Rvb2xzIiwKZnVsbE5hbWUgPSAiYXV0b3Rvb2xzIiwKbG9hZE9yZGVyID0gMSwKcHJvcFQgPSB7fSwKc3RhY2tEZXB0aCA9IDEsCnN0YXR1cyA9ICJhY3RpdmUiLAp1c2VyTmFtZSA9ICJhdXRvdG9vbHMiLAp3ViA9ICJNLip6ZmluYWwiLAp9LApnbnUxMyA9IHsKYWN0aW9uQSA9IHsKW1twcmVwZW5kX3BhdGgoIk1PRFVMRVBB
_ModuleTable002_=VEgiLCIvb3B0L29ocGMvcHViL21vZHVsZWRlcHMvZ251MTMiKV1dLAp9LApmbiA9ICIvb3B0L29ocGMvcHViL21vZHVsZWZpbGVzL2dudTEzLzEzLjIuMC5sdWEiLApmdWxsTmFtZSA9ICJnbnUxMy8xMy4yLjAiLApsb2FkT3JkZXIgPSAzLApwcm9wVCA9IHt9LApzdGFja0RlcHRoID0gMSwKc3RhdHVzID0gImFjdGl2ZSIsCnVzZXJOYW1lID0gImdudTEzIiwKd1YgPSAiMDAwMDAwMDEzLjAwMDAwMDAwMi4qemZpbmFsIiwKfSwKaHdsb2MgPSB7CmZuID0gIi9vcHQvb2hwYy9wdWIvbW9kdWxlZmlsZXMvaHdsb2MvMi4xMi4wIiwKZnVsbE5hbWUgPSAiaHdsb2MvMi4xMi4wIiwKbG9hZE9yZGVyID0gNCwKcHJvcFQgPSB7fSwKcmVmX2NvdW50ID0gMSwKc3RhY2tEZXB0aCA9IDIs
_ModuleTable003_=CnN0YXR1cyA9ICJhY3RpdmUiLAp1c2VyTmFtZSA9ICJod2xvYyIsCndWID0gIjAwMDAwMDAwMi4wMDAwMDAwMTIuKnpmaW5hbCIsCn0sCmxpYmZhYnJpYyA9IHsKZm4gPSAiL29wdC9vaHBjL3B1Yi9tb2R1bGVmaWxlcy9saWJmYWJyaWMvMS4xOC4wIiwKZnVsbE5hbWUgPSAibGliZmFicmljLzEuMTguMCIsCmxvYWRPcmRlciA9IDYsCnByb3BUID0ge30sCnJlZl9jb3VudCA9IDEsCnN0YWNrRGVwdGggPSAyLApzdGF0dXMgPSAiYWN0aXZlIiwKdXNlck5hbWUgPSAibGliZmFicmljIiwKd1YgPSAiMDAwMDAwMDAxLjAwMDAwMDAxOC4qemZpbmFsIiwKfSwKb2hwYyA9IHsKZm4gPSAiL29wdC9vaHBjL3B1Yi9tb2R1bGVmaWxlcy9vaHBjIiwKZnVsbE5hbWUgPSAib2hwYyIsCmxv
_ModuleTable004_=YWRPcmRlciA9IDgsCnByb3BUID0ge30sCnN0YWNrRGVwdGggPSAwLApzdGF0dXMgPSAiYWN0aXZlIiwKdXNlck5hbWUgPSAib2hwYyIsCndWID0gIk0uKnpmaW5hbCIsCn0sCm9wZW5tcGk1ID0gewphY3Rpb25BID0gewpbW3ByZXBlbmRfcGF0aCgiTU9EVUxFUEFUSCIsIi9vcHQvb2hwYy9wdWIvbW9kdWxlZGVwcy9nbnUxMy1vcGVubXBpNSIpXV0sCn0sCmRlcFQgPSB7CmRlcEEgPSB7CnsKc24gPSAiaHdsb2MiLAp2ZXJzaW9uID0gewpraW5kID0gImJvb2wiLAp2YWx1ZSA9IHRydWUsCn0sCn0sCnsKc24gPSAidWN4IiwKdmVyc2lvbiA9IHsKa2luZCA9ICJib29sIiwKdmFsdWUgPSB0cnVlLAp9LAp9LAp7CnNuID0gImxpYmZhYnJpYyIsCnZlcnNpb24gPSB7CmtpbmQgPSAi
_ModuleTable005_=Ym9vbCIsCnZhbHVlID0gdHJ1ZSwKfSwKfSwKfSwKfSwKZm4gPSAiL29wdC9vaHBjL3B1Yi9tb2R1bGVkZXBzL2dudTEzL29wZW5tcGk1LzUuMC41IiwKZnVsbE5hbWUgPSAib3Blbm1waTUvNS4wLjUiLApsb2FkT3JkZXIgPSA3LApwcm9wVCA9IHt9LApzdGFja0RlcHRoID0gMSwKc3RhdHVzID0gImFjdGl2ZSIsCnVzZXJOYW1lID0gIm9wZW5tcGk1IiwKd1YgPSAiMDAwMDAwMDA1LjAwMDAwMDAwMC4wMDAwMDAwMDUuKnpmaW5hbCIsCn0sCnBydW4gPSB7CmZuID0gIi9vcHQvb2hwYy9wdWIvbW9kdWxlZmlsZXMvcHJ1bi8yLjIiLApmdWxsTmFtZSA9ICJwcnVuLzIuMiIsCmxvYWRPcmRlciA9IDIsCnByb3BUID0ge30sCnN0YWNrRGVwdGggPSAxLApzdGF0dXMgPSAiYWN0aXZl
_ModuleTable006_=IiwKdXNlck5hbWUgPSAicHJ1biIsCndWID0gIjAwMDAwMDAwMi4wMDAwMDAwMDIuKnpmaW5hbCIsCn0sCnB5dGhvbiA9IHsKZm4gPSAiL29wdC9vaHBjL3B1Yi9tb2R1bGVmaWxlcy9weXRob24vMy4xMS8zLjExLjQiLApmdWxsTmFtZSA9ICJweXRob24vMy4xMS8zLjExLjQiLApsb2FkT3JkZXIgPSA5LApwcm9wVCA9IHt9LApzdGFja0RlcHRoID0gMCwKc3RhdHVzID0gImFjdGl2ZSIsCnVzZXJOYW1lID0gInB5dGhvbi8zLjExLzMuMTEuNCIsCndWID0gIjAwMDAwMDAwMy4wMDAwMDAwMTEvMDAwMDAwMDAzLjAwMDAwMDAxMS4wMDAwMDAwMDQuKnpmaW5hbCIsCn0sCnVjeCA9IHsKZm4gPSAiL29wdC9vaHBjL3B1Yi9tb2R1bGVmaWxlcy91Y3gvMS4xOC4wIiwKZnVsbE5hbWUg
_ModuleTable007_=PSAidWN4LzEuMTguMCIsCmxvYWRPcmRlciA9IDUsCnByb3BUID0ge30sCnJlZl9jb3VudCA9IDEsCnN0YWNrRGVwdGggPSAyLApzdGF0dXMgPSAiYWN0aXZlIiwKdXNlck5hbWUgPSAidWN4IiwKd1YgPSAiMDAwMDAwMDAxLjAwMDAwMDAxOC4qemZpbmFsIiwKfSwKfSwKbXBhdGhBID0gewoiL29wdC9vaHBjL3B1Yi9tb2R1bGVkZXBzL2dudTEzLW9wZW5tcGk1IiwgIi9vcHQvb2hwYy9wdWIvbW9kdWxlZGVwcy9nbnUxMyIsICIvb3B0L29ocGMvcHViL21vZHVsZWZpbGVzIiwKfSwKc3lzdGVtQmFzZU1QQVRIID0gIi9vcHQvb2hwYy9wdWIvbW9kdWxlZmlsZXMiLAp9Cg==
_ModuleTable_Sz_=7
__LMOD_REF_COUNT_CPPFLAGS=-I/opt/ohpc/pub/apps/python/3.11.4/include:1
__LMOD_REF_COUNT_INCLUDE=/opt/ohpc/pub/compiler/gcc/13.2.0/include:1
__LMOD_REF_COUNT_LDFLAGS=-L/opt/ohpc/pub/apps/python/3.11.4/lib:1
__LMOD_REF_COUNT_LD_LIBRARY_PATH=/opt/ohpc/pub/apps/python/3.11.4/lib:1;/opt/ohpc/pub/mpi/libfabric/1.18.0/lib:1;/opt/ohpc/pub/mpi/ucx-ohpc/1.18.0/lib:1;/opt/ohpc/pub/libs/hwloc/lib:1;/opt/ohpc/pub/mpi/openmpi5-gnu13/5.0.5/lib:1;/opt/ohpc/pub/compiler/gcc/13.2.0/lib64:1
__LMOD_REF_COUNT_MANPATH=/opt/ohpc/pub/apps/python/3.11.4/share/man:1;/opt/TurboVNC/man:1;/opt/ohpc/pub/mpi/libfabric/1.18.0/share/man:1;/opt/ohpc/pub/libs/hwloc/man:1;/opt/ohpc/pub/mpi/openmpi5-gnu13/5.0.5/share/man:1;/opt/ohpc/pub/compiler/gcc/13.2.0/share/man:1;/opt/ohpc/pub/utils/autotools/share/man:1;/usr/local/share/man:1;/usr/share/man/overrides:1;/usr/share/man/en:1;/usr/share/man:1;/opt/ohpc/admin/lmod/lmod/share/man:1;:1
__LMOD_REF_COUNT_MODULEPATH=/opt/ohpc/pub/moduledeps/gnu13-openmpi5:1;/opt/ohpc/pub/moduledeps/gnu13:1;/opt/ohpc/pub/modulefiles:1
__LMOD_REF_COUNT_PATH=/opt/ohpc/pub/apps/python/3.11.4/bin:1;/home/u21/kapilparab/.local/bin:1;/home/u21/kapilparab/bin:1;/opt/TurboVNC/bin:1;/opt/ohpc/pub/mpi/libfabric/1.18.0/bin:1;/opt/ohpc/pub/mpi/ucx-ohpc/1.18.0/bin:1;/opt/ohpc/pub/libs/hwloc/bin:1;/opt/ohpc/pub/mpi/openmpi5-gnu13/5.0.5/bin:1;/opt/ohpc/pub/compiler/gcc/13.2.0/bin:1;/opt/ohpc/pub/utils/prun/2.2:1;/opt/ohpc/pub/utils/autotools/bin:1;/opt/ohpc/pub/bin:1;/usr/local/bin:1;/usr/bin:1;/usr/local/sbin:1;/usr/sbin:1
__LMOD_REF_COUNT_PKG_CONFIG_PATH=/opt/ohpc/pub/apps/python/3.11.4/lib/pkgconfig:1;/opt/ohpc/pub/mpi/libfabric/1.18.0/lib/pkgconfig:1;/opt/ohpc/pub/mpi/ucx-ohpc/1.18.0/lib/pkgconfig:1;/opt/ohpc/pub/mpi/openmpi5-gnu13/5.0.5/lib/pkgconfig:1
which_declare=declare -f

INFO 2026-03-28 16:09:03,771 trainer.py:1065: Setting up components: Model, loss, optim, meters etc.
INFO 2026-03-28 16:09:03,773 logger.py:  61: TensorBoard SummaryWriter instantiated. Files will be stored in: /home/u21/kapilparab/sam3-UA/sam3/train/data/geo/experiments//tensorboard
INFO 2026-03-28 16:09:12,161 trainer.py:1135: ====================
INFO 2026-03-28 16:09:12,161 trainer.py:1136: Summary for model <class 'sam3.model.sam3_image.Sam3Image'>
INFO 2026-03-28 16:09:12,165 trainer.py:1137: Model is Sam3Image(
  (backbone): SAM3VLBackbone(
    (vision_backbone): Sam3DualViTDetNeck(
      (trunk): ViT(
        (patch_embed): PatchEmbed(
          (proj): Conv2d(3, 1024, kernel_size=(14, 14), stride=(14, 14), bias=False)
        )
        (blocks): ModuleList(
          (0): Block(
            (norm1): LayerNorm((1024,), eps=1e-05, elementwise_affine=True)
            (attn): Attention(
              (qkv): Linear(in_features=1024, out_features=3072, bias=True)
              (proj): Linear(in_features=1024, out_features=1024, bias=True)
            )
            (ls1): Identity()
            (drop_path): Identity()
            (norm2): LayerNorm((1024,), eps=1e-05, elementwise_affine=True)
            (mlp): Mlp(
              (fc1): Linear(in_features=1024, out_features=4736, bias=True)
              (act): GELU(approximate='none')
              (drop1): Dropout(p=0.0, inplace=False)
              (norm): Identity()
              (fc2): Linear(in_features=4736, out_features=1024, bias=True)
              (drop2): Dropout(p=0.0, inplace=False)
            )
            (ls2): Identity()
            (dropout): Dropout(p=0.0, inplace=False)
          )
          (1): Block(
            (norm1): LayerNorm((1024,), eps=1e-05, elementwise_affine=True)
            (attn): Attention(
              (qkv): Linear(in_features=1024, out_features=3072, bias=True)
              (proj): Linear(in_features=1024, out_features=1024, bias=True)
            )
            (ls1): Identity()
            (drop_path): DropPath(drop_prob=0.003)
            (norm2): LayerNorm((1024,), eps=1e-05, elementwise_affine=True)
            (mlp): Mlp(
              (fc1): Linear(in_features=1024, out_features=4736, bias=True)
              (act): GELU(approximate='none')
              (drop1): Dropout(p=0.0, inplace=False)
              (norm): Identity()
              (fc2): Linear(in_features=4736, out_features=1024, bias=True)
              (drop2): Dropout(p=0.0, inplace=False)
            )
            (ls2): Identity()
            (dropout): Dropout(p=0.0, inplace=False)
          )
          (2): Block(
            (norm1): LayerNorm((1024,), eps=1e-05, elementwise_affine=True)
            (attn): Attention(
              (qkv): Linear(in_features=1024, out_features=3072, bias=True)
              (proj): Linear(in_features=1024, out_features=1024, bias=True)
            )
            (ls1): Identity()
            (drop_path): DropPath(drop_prob=0.006)
            (norm2): LayerNorm((1024,), eps=1e-05, elementwise_affine=True)
            (mlp): Mlp(
              (fc1): Linear(in_features=1024, out_features=4736, bias=True)
              (act): GELU(approximate='none')
              (drop1): Dropout(p=0.0, inplace=False)
              (norm): Identity()
              (fc2): Linear(in_features=4736, out_features=1024, bias=True)
              (drop2): Dropout(p=0.0, inplace=False)
            )
            (ls2): Identity()
            (dropout): Dropout(p=0.0, inplace=False)
          )
          (3): Block(
            (norm1): LayerNorm((1024,), eps=1e-05, elementwise_affine=True)
            (attn): Attention(
              (qkv): Linear(in_features=1024, out_features=3072, bias=True)
              (proj): Linear(in_features=1024, out_features=1024, bias=True)
            )
            (ls1): Identity()
            (drop_path): DropPath(drop_prob=0.010)
            (norm2): LayerNorm((1024,), eps=1e-05, elementwise_affine=True)
            (mlp): Mlp(
              (fc1): Linear(in_features=1024, out_features=4736, bias=True)
              (act): GELU(approximate='none')
              (drop1): Dropout(p=0.0, inplace=False)
              (norm): Identity()
              (fc2): Linear(in_features=4736, out_features=1024, bias=True)
              (drop2): Dropout(p=0.0, inplace=False)
            )
            (ls2): Identity()
            (dropout): Dropout(p=0.0, inplace=False)
          )
          (4): Block(
            (norm1): LayerNorm((1024,), eps=1e-05, elementwise_affine=True)
            (attn): Attention(
              (qkv): Linear(in_features=1024, out_features=3072, bias=True)
              (proj): Linear(in_features=1024, out_features=1024, bias=True)
            )
            (ls1): Identity()
            (drop_path): DropPath(drop_prob=0.013)
            (norm2): LayerNorm((1024,), eps=1e-05, elementwise_affine=True)
            (mlp): Mlp(
              (fc1): Linear(in_features=1024, out_features=4736, bias=True)
              (act): GELU(approximate='none')
              (drop1): Dropout(p=0.0, inplace=False)
              (norm): Identity()
              (fc2): Linear(in_features=4736, out_features=1024, bias=True)
              (drop2): Dropout(p=0.0, inplace=False)
            )
            (ls2): Identity()
            (dropout): Dropout(p=0.0, inplace=False)
          )
          (5): Block(
            (norm1): LayerNorm((1024,), eps=1e-05, elementwise_affine=True)
            (attn): Attention(
              (qkv): Linear(in_features=1024, out_features=3072, bias=True)
              (proj): Linear(in_features=1024, out_features=1024, bias=True)
            )
            (ls1): Identity()
            (drop_path): DropPath(drop_prob=0.016)
            (norm2): LayerNorm((1024,), eps=1e-05, elementwise_affine=True)
            (mlp): Mlp(
              (fc1): Linear(in_features=1024, out_features=4736, bias=True)
              (act): GELU(approximate='none')
              (drop1): Dropout(p=0.0, inplace=False)
              (norm): Identity()
              (fc2): Linear(in_features=4736, out_features=1024, bias=True)
              (drop2): Dropout(p=0.0, inplace=False)
            )
            (ls2): Identity()
            (dropout): Dropout(p=0.0, inplace=False)
          )
          (6): Block(
            (norm1): LayerNorm((1024,), eps=1e-05, elementwise_affine=True)
            (attn): Attention(
              (qkv): Linear(in_features=1024, out_features=3072, bias=True)
              (proj): Linear(in_features=1024, out_features=1024, bias=True)
            )
            (ls1): Identity()
            (drop_path): DropPath(drop_prob=0.019)
            (norm2): LayerNorm((1024,), eps=1e-05, elementwise_affine=True)
            (mlp): Mlp(
              (fc1): Linear(in_features=1024, out_features=4736, bias=True)
              (act): GELU(approximate='none')
              (drop1): Dropout(p=0.0, inplace=False)
              (norm): Identity()
              (fc2): Linear(in_features=4736, out_features=1024, bias=True)
              (drop2): Dropout(p=0.0, inplace=False)
            )
            (ls2): Identity()
            (dropout): Dropout(p=0.0, inplace=False)
          )
          (7): Block(
            (norm1): LayerNorm((1024,), eps=1e-05, elementwise_affine=True)
            (attn): Attention(
              (qkv): Linear(in_features=1024, out_features=3072, bias=True)
              (proj): Linear(in_features=1024, out_features=1024, bias=True)
            )
            (ls1): Identity()
            (drop_path): DropPath(drop_prob=0.023)
            (norm2): LayerNorm((1024,), eps=1e-05, elementwise_affine=True)
            (mlp): Mlp(
              (fc1): Linear(in_features=1024, out_features=4736, bias=True)
              (act): GELU(approximate='none')
              (drop1): Dropout(p=0.0, inplace=False)
              (norm): Identity()
              (fc2): Linear(in_features=4736, out_features=1024, bias=True)
              (drop2): Dropout(p=0.0, inplace=False)
            )
            (ls2): Identity()
            (dropout): Dropout(p=0.0, inplace=False)
          )
          (8): Block(
            (norm1): LayerNorm((1024,), eps=1e-05, elementwise_affine=True)
            (attn): Attention(
              (qkv): Linear(in_features=1024, out_features=3072, bias=True)
              (proj): Linear(in_features=1024, out_features=1024, bias=True)
            )
            (ls1): Identity()
            (drop_path): DropPath(drop_prob=0.026)
            (norm2): LayerNorm((1024,), eps=1e-05, elementwise_affine=True)
            (mlp): Mlp(
              (fc1): Linear(in_features=1024, out_features=4736, bias=True)
              (act): GELU(approximate='none')
              (drop1): Dropout(p=0.0, inplace=False)
              (norm): Identity()
              (fc2): Linear(in_features=4736, out_features=1024, bias=True)
              (drop2): Dropout(p=0.0, inplace=False)
            )
            (ls2): Identity()
            (dropout): Dropout(p=0.0, inplace=False)
          )
          (9): Block(
            (norm1): LayerNorm((1024,), eps=1e-05, elementwise_affine=True)
            (attn): Attention(
              (qkv): Linear(in_features=1024, out_features=3072, bias=True)
              (proj): Linear(in_features=1024, out_features=1024, bias=True)
            )
            (ls1): Identity()
            (drop_path): DropPath(drop_prob=0.029)
            (norm2): LayerNorm((1024,), eps=1e-05, elementwise_affine=True)
            (mlp): Mlp(
              (fc1): Linear(in_features=1024, out_features=4736, bias=True)
              (act): GELU(approximate='none')
              (drop1): Dropout(p=0.0, inplace=False)
              (norm): Identity()
              (fc2): Linear(in_features=4736, out_features=1024, bias=True)
              (drop2): Dropout(p=0.0, inplace=False)
            )
            (ls2): Identity()
            (dropout): Dropout(p=0.0, inplace=False)
          )
          (10): Block(
            (norm1): LayerNorm((1024,), eps=1e-05, elementwise_affine=True)
            (attn): Attention(
              (qkv): Linear(in_features=1024, out_features=3072, bias=True)
              (proj): Linear(in_features=1024, out_features=1024, bias=True)
            )
            (ls1): Identity()
            (drop_path): DropPath(drop_prob=0.032)
            (norm2): LayerNorm((1024,), eps=1e-05, elementwise_affine=True)
            (mlp): Mlp(
              (fc1): Linear(in_features=1024, out_features=4736, bias=True)
              (act): GELU(approximate='none')
              (drop1): Dropout(p=0.0, inplace=False)
              (norm): Identity()
              (fc2): Linear(in_features=4736, out_features=1024, bias=True)
              (drop2): Dropout(p=0.0, inplace=False)
            )
            (ls2): Identity()
            (dropout): Dropout(p=0.0, inplace=False)
          )
          (11): Block(
            (norm1): LayerNorm((1024,), eps=1e-05, elementwise_affine=True)
            (attn): Attention(
              (qkv): Linear(in_features=1024, out_features=3072, bias=True)
              (proj): Linear(in_features=1024, out_features=1024, bias=True)
            )
            (ls1): Identity()
            (drop_path): DropPath(drop_prob=0.035)
            (norm2): LayerNorm((1024,), eps=1e-05, elementwise_affine=True)
            (mlp): Mlp(
              (fc1): Linear(in_features=1024, out_features=4736, bias=True)
              (act): GELU(approximate='none')
              (drop1): Dropout(p=0.0, inplace=False)
              (norm): Identity()
              (fc2): Linear(in_features=4736, out_features=1024, bias=True)
              (drop2): Dropout(p=0.0, inplace=False)
            )
            (ls2): Identity()
            (dropout): Dropout(p=0.0, inplace=False)
          )
          (12): Block(
            (norm1): LayerNorm((1024,), eps=1e-05, elementwise_affine=True)
            (attn): Attention(
              (qkv): Linear(in_features=1024, out_features=3072, bias=True)
              (proj): Linear(in_features=1024, out_features=1024, bias=True)
            )
            (ls1): Identity()
            (drop_path): DropPath(drop_prob=0.039)
            (norm2): LayerNorm((1024,), eps=1e-05, elementwise_affine=True)
            (mlp): Mlp(
              (fc1): Linear(in_features=1024, out_features=4736, bias=True)
              (act): GELU(approximate='none')
              (drop1): Dropout(p=0.0, inplace=False)
              (norm): Identity()
              (fc2): Linear(in_features=4736, out_features=1024, bias=True)
              (drop2): Dropout(p=0.0, inplace=False)
            )
            (ls2): Identity()
            (dropout): Dropout(p=0.0, inplace=False)
          )
          (13): Block(
            (norm1): LayerNorm((1024,), eps=1e-05, elementwise_affine=True)
            (attn): Attention(
              (qkv): Linear(in_features=1024, out_features=3072, bias=True)
              (proj): Linear(in_features=1024, out_features=1024, bias=True)
            )
            (ls1): Identity()
            (drop_path): DropPath(drop_prob=0.042)
            (norm2): LayerNorm((1024,), eps=1e-05, elementwise_affine=True)
            (mlp): Mlp(
              (fc1): Linear(in_features=1024, out_features=4736, bias=True)
              (act): GELU(approximate='none')
              (drop1): Dropout(p=0.0, inplace=False)
              (norm): Identity()
              (fc2): Linear(in_features=4736, out_features=1024, bias=True)
              (drop2): Dropout(p=0.0, inplace=False)
            )
            (ls2): Identity()
            (dropout): Dropout(p=0.0, inplace=False)
          )
          (14): Block(
            (norm1): LayerNorm((1024,), eps=1e-05, elementwise_affine=True)
            (attn): Attention(
              (qkv): Linear(in_features=1024, out_features=3072, bias=True)
              (proj): Linear(in_features=1024, out_features=1024, bias=True)
            )
            (ls1): Identity()
            (drop_path): DropPath(drop_prob=0.045)
            (norm2): LayerNorm((1024,), eps=1e-05, elementwise_affine=True)
            (mlp): Mlp(
              (fc1): Linear(in_features=1024, out_features=4736, bias=True)
              (act): GELU(approximate='none')
              (drop1): Dropout(p=0.0, inplace=False)
              (norm): Identity()
              (fc2): Linear(in_features=4736, out_features=1024, bias=True)
              (drop2): Dropout(p=0.0, inplace=False)
            )
            (ls2): Identity()
            (dropout): Dropout(p=0.0, inplace=False)
          )
          (15): Block(
            (norm1): LayerNorm((1024,), eps=1e-05, elementwise_affine=True)
            (attn): Attention(
              (qkv): Linear(in_features=1024, out_features=3072, bias=True)
              (proj): Linear(in_features=1024, out_features=1024, bias=True)
            )
            (ls1): Identity()
            (drop_path): DropPath(drop_prob=0.048)
            (norm2): LayerNorm((1024,), eps=1e-05, elementwise_affine=True)
            (mlp): Mlp(
              (fc1): Linear(in_features=1024, out_features=4736, bias=True)
              (act): GELU(approximate='none')
              (drop1): Dropout(p=0.0, inplace=False)
              (norm): Identity()
              (fc2): Linear(in_features=4736, out_features=1024, bias=True)
              (drop2): Dropout(p=0.0, inplace=False)
            )
            (ls2): Identity()
            (dropout): Dropout(p=0.0, inplace=False)
          )
          (16): Block(
            (norm1): LayerNorm((1024,), eps=1e-05, elementwise_affine=True)
            (attn): Attention(
              (qkv): Linear(in_features=1024, out_features=3072, bias=True)
              (proj): Linear(in_features=1024, out_features=1024, bias=True)
            )
            (ls1): Identity()
            (drop_path): DropPath(drop_prob=0.052)
            (norm2): LayerNorm((1024,), eps=1e-05, elementwise_affine=True)
            (mlp): Mlp(
              (fc1): Linear(in_features=1024, out_features=4736, bias=True)
              (act): GELU(approximate='none')
              (drop1): Dropout(p=0.0, inplace=False)
              (norm): Identity()
              (fc2): Linear(in_features=4736, out_features=1024, bias=True)
              (drop2): Dropout(p=0.0, inplace=False)
            )
            (ls2): Identity()
            (dropout): Dropout(p=0.0, inplace=False)
          )
          (17): Block(
            (norm1): LayerNorm((1024,), eps=1e-05, elementwise_affine=True)
            (attn): Attention(
              (qkv): Linear(in_features=1024, out_features=3072, bias=True)
              (proj): Linear(in_features=1024, out_features=1024, bias=True)
            )
            (ls1): Identity()
            (drop_path): DropPath(drop_prob=0.055)
            (norm2): LayerNorm((1024,), eps=1e-05, elementwise_affine=True)
            (mlp): Mlp(
              (fc1): Linear(in_features=1024, out_features=4736, bias=True)
              (act): GELU(approximate='none')
              (drop1): Dropout(p=0.0, inplace=False)
              (norm): Identity()
              (fc2): Linear(in_features=4736, out_features=1024, bias=True)
              (drop2): Dropout(p=0.0, inplace=False)
            )
            (ls2): Identity()
            (dropout): Dropout(p=0.0, inplace=False)
          )
          (18): Block(
            (norm1): LayerNorm((1024,), eps=1e-05, elementwise_affine=True)
            (attn): Attention(
              (qkv): Linear(in_features=1024, out_features=3072, bias=True)
              (proj): Linear(in_features=1024, out_features=1024, bias=True)
            )
            (ls1): Identity()
            (drop_path): DropPath(drop_prob=0.058)
            (norm2): LayerNorm((1024,), eps=1e-05, elementwise_affine=True)
            (mlp): Mlp(
              (fc1): Linear(in_features=1024, out_features=4736, bias=True)
              (act): GELU(approximate='none')
              (drop1): Dropout(p=0.0, inplace=False)
              (norm): Identity()
              (fc2): Linear(in_features=4736, out_features=1024, bias=True)
              (drop2): Dropout(p=0.0, inplace=False)
            )
            (ls2): Identity()
            (dropout): Dropout(p=0.0, inplace=False)
          )
          (19): Block(
            (norm1): LayerNorm((1024,), eps=1e-05, elementwise_affine=True)
            (attn): Attention(
              (qkv): Linear(in_features=1024, out_features=3072, bias=True)
              (proj): Linear(in_features=1024, out_features=1024, bias=True)
            )
            (ls1): Identity()
            (drop_path): DropPath(drop_prob=0.061)
            (norm2): LayerNorm((1024,), eps=1e-05, elementwise_affine=True)
            (mlp): Mlp(
              (fc1): Linear(in_features=1024, out_features=4736, bias=True)
              (act): GELU(approximate='none')
              (drop1): Dropout(p=0.0, inplace=False)
              (norm): Identity()
              (fc2): Linear(in_features=4736, out_features=1024, bias=True)
              (drop2): Dropout(p=0.0, inplace=False)
            )
            (ls2): Identity()
            (dropout): Dropout(p=0.0, inplace=False)
          )
          (20): Block(
            (norm1): LayerNorm((1024,), eps=1e-05, elementwise_affine=True)
            (attn): Attention(
              (qkv): Linear(in_features=1024, out_features=3072, bias=True)
              (proj): Linear(in_features=1024, out_features=1024, bias=True)
            )
            (ls1): Identity()
            (drop_path): DropPath(drop_prob=0.065)
            (norm2): LayerNorm((1024,), eps=1e-05, elementwise_affine=True)
            (mlp): Mlp(
              (fc1): Linear(in_features=1024, out_features=4736, bias=True)
              (act): GELU(approximate='none')
              (drop1): Dropout(p=0.0, inplace=False)
              (norm): Identity()
              (fc2): Linear(in_features=4736, out_features=1024, bias=True)
              (drop2): Dropout(p=0.0, inplace=False)
            )
            (ls2): Identity()
            (dropout): Dropout(p=0.0, inplace=False)
          )
          (21): Block(
            (norm1): LayerNorm((1024,), eps=1e-05, elementwise_affine=True)
            (attn): Attention(
              (qkv): Linear(in_features=1024, out_features=3072, bias=True)
              (proj): Linear(in_features=1024, out_features=1024, bias=True)
            )
            (ls1): Identity()
            (drop_path): DropPath(drop_prob=0.068)
            (norm2): LayerNorm((1024,), eps=1e-05, elementwise_affine=True)
            (mlp): Mlp(
              (fc1): Linear(in_features=1024, out_features=4736, bias=True)
              (act): GELU(approximate='none')
              (drop1): Dropout(p=0.0, inplace=False)
              (norm): Identity()
              (fc2): Linear(in_features=4736, out_features=1024, bias=True)
              (drop2): Dropout(p=0.0, inplace=False)
            )
            (ls2): Identity()
            (dropout): Dropout(p=0.0, inplace=False)
          )
          (22): Block(
            (norm1): LayerNorm((1024,), eps=1e-05, elementwise_affine=True)
            (attn): Attention(
              (qkv): Linear(in_features=1024, out_features=3072, bias=True)
              (proj): Linear(in_features=1024, out_features=1024, bias=True)
            )
            (ls1): Identity()
            (drop_path): DropPath(drop_prob=0.071)
            (norm2): LayerNorm((1024,), eps=1e-05, elementwise_affine=True)
            (mlp): Mlp(
              (fc1): Linear(in_features=1024, out_features=4736, bias=True)
              (act): GELU(approximate='none')
              (drop1): Dropout(p=0.0, inplace=False)
              (norm): Identity()
              (fc2): Linear(in_features=4736, out_features=1024, bias=True)
              (drop2): Dropout(p=0.0, inplace=False)
            )
            (ls2): Identity()
            (dropout): Dropout(p=0.0, inplace=False)
          )
          (23): Block(
            (norm1): LayerNorm((1024,), eps=1e-05, elementwise_affine=True)
            (attn): Attention(
              (qkv): Linear(in_features=1024, out_features=3072, bias=True)
              (proj): Linear(in_features=1024, out_features=1024, bias=True)
            )
            (ls1): Identity()
            (drop_path): DropPath(drop_prob=0.074)
            (norm2): LayerNorm((1024,), eps=1e-05, elementwise_affine=True)
            (mlp): Mlp(
              (fc1): Linear(in_features=1024, out_features=4736, bias=True)
              (act): GELU(approximate='none')
              (drop1): Dropout(p=0.0, inplace=False)
              (norm): Identity()
              (fc2): Linear(in_features=4736, out_features=1024, bias=True)
              (drop2): Dropout(p=0.0, inplace=False)
            )
            (ls2): Identity()
            (dropout): Dropout(p=0.0, inplace=False)
          )
          (24): Block(
            (norm1): LayerNorm((1024,), eps=1e-05, elementwise_affine=True)
            (attn): Attention(
              (qkv): Linear(in_features=1024, out_features=3072, bias=True)
              (proj): Linear(in_features=1024, out_features=1024, bias=True)
            )
            (ls1): Identity()
            (drop_path): DropPath(drop_prob=0.077)
            (norm2): LayerNorm((1024,), eps=1e-05, elementwise_affine=True)
            (mlp): Mlp(
              (fc1): Linear(in_features=1024, out_features=4736, bias=True)
              (act): GELU(approximate='none')
              (drop1): Dropout(p=0.0, inplace=False)
              (norm): Identity()
              (fc2): Linear(in_features=4736, out_features=1024, bias=True)
              (drop2): Dropout(p=0.0, inplace=False)
            )
            (ls2): Identity()
            (dropout): Dropout(p=0.0, inplace=False)
          )
          (25): Block(
            (norm1): LayerNorm((1024,), eps=1e-05, elementwise_affine=True)
            (attn): Attention(
              (qkv): Linear(in_features=1024, out_features=3072, bias=True)
              (proj): Linear(in_features=1024, out_features=1024, bias=True)
            )
            (ls1): Identity()
            (drop_path): DropPath(drop_prob=0.081)
            (norm2): LayerNorm((1024,), eps=1e-05, elementwise_affine=True)
            (mlp): Mlp(
              (fc1): Linear(in_features=1024, out_features=4736, bias=True)
              (act): GELU(approximate='none')
              (drop1): Dropout(p=0.0, inplace=False)
              (norm): Identity()
              (fc2): Linear(in_features=4736, out_features=1024, bias=True)
              (drop2): Dropout(p=0.0, inplace=False)
            )
            (ls2): Identity()
            (dropout): Dropout(p=0.0, inplace=False)
          )
          (26): Block(
            (norm1): LayerNorm((1024,), eps=1e-05, elementwise_affine=True)
            (attn): Attention(
              (qkv): Linear(in_features=1024, out_features=3072, bias=True)
              (proj): Linear(in_features=1024, out_features=1024, bias=True)
            )
            (ls1): Identity()
            (drop_path): DropPath(drop_prob=0.084)
            (norm2): LayerNorm((1024,), eps=1e-05, elementwise_affine=True)
            (mlp): Mlp(
              (fc1): Linear(in_features=1024, out_features=4736, bias=True)
              (act): GELU(approximate='none')
              (drop1): Dropout(p=0.0, inplace=False)
              (norm): Identity()
              (fc2): Linear(in_features=4736, out_features=1024, bias=True)
              (drop2): Dropout(p=0.0, inplace=False)
            )
            (ls2): Identity()
            (dropout): Dropout(p=0.0, inplace=False)
          )
          (27): Block(
            (norm1): LayerNorm((1024,), eps=1e-05, elementwise_affine=True)
            (attn): Attention(
              (qkv): Linear(in_features=1024, out_features=3072, bias=True)
              (proj): Linear(in_features=1024, out_features=1024, bias=True)
            )
            (ls1): Identity()
            (drop_path): DropPath(drop_prob=0.087)
            (norm2): LayerNorm((1024,), eps=1e-05, elementwise_affine=True)
            (mlp): Mlp(
              (fc1): Linear(in_features=1024, out_features=4736, bias=True)
              (act): GELU(approximate='none')
              (drop1): Dropout(p=0.0, inplace=False)
              (norm): Identity()
              (fc2): Linear(in_features=4736, out_features=1024, bias=True)
              (drop2): Dropout(p=0.0, inplace=False)
            )
            (ls2): Identity()
            (dropout): Dropout(p=0.0, inplace=False)
          )
          (28): Block(
            (norm1): LayerNorm((1024,), eps=1e-05, elementwise_affine=True)
            (attn): Attention(
              (qkv): Linear(in_features=1024, out_features=3072, bias=True)
              (proj): Linear(in_features=1024, out_features=1024, bias=True)
            )
            (ls1): Identity()
            (drop_path): DropPath(drop_prob=0.090)
            (norm2): LayerNorm((1024,), eps=1e-05, elementwise_affine=True)
            (mlp): Mlp(
              (fc1): Linear(in_features=1024, out_features=4736, bias=True)
              (act): GELU(approximate='none')
              (drop1): Dropout(p=0.0, inplace=False)
              (norm): Identity()
              (fc2): Linear(in_features=4736, out_features=1024, bias=True)
              (drop2): Dropout(p=0.0, inplace=False)
            )
            (ls2): Identity()
            (dropout): Dropout(p=0.0, inplace=False)
          )
          (29): Block(
            (norm1): LayerNorm((1024,), eps=1e-05, elementwise_affine=True)
            (attn): Attention(
              (qkv): Linear(in_features=1024, out_features=3072, bias=True)
              (proj): Linear(in_features=1024, out_features=1024, bias=True)
            )
            (ls1): Identity()
            (drop_path): DropPath(drop_prob=0.094)
            (norm2): LayerNorm((1024,), eps=1e-05, elementwise_affine=True)
            (mlp): Mlp(
              (fc1): Linear(in_features=1024, out_features=4736, bias=True)
              (act): GELU(approximate='none')
              (drop1): Dropout(p=0.0, inplace=False)
              (norm): Identity()
              (fc2): Linear(in_features=4736, out_features=1024, bias=True)
              (drop2): Dropout(p=0.0, inplace=False)
            )
            (ls2): Identity()
            (dropout): Dropout(p=0.0, inplace=False)
          )
          (30): Block(
            (norm1): LayerNorm((1024,), eps=1e-05, elementwise_affine=True)
            (attn): Attention(
              (qkv): Linear(in_features=1024, out_features=3072, bias=True)
              (proj): Linear(in_features=1024, out_features=1024, bias=True)
            )
            (ls1): Identity()
            (drop_path): DropPath(drop_prob=0.097)
            (norm2): LayerNorm((1024,), eps=1e-05, elementwise_affine=True)
            (mlp): Mlp(
              (fc1): Linear(in_features=1024, out_features=4736, bias=True)
              (act): GELU(approximate='none')
              (drop1): Dropout(p=0.0, inplace=False)
              (norm): Identity()
              (fc2): Linear(in_features=4736, out_features=1024, bias=True)
              (drop2): Dropout(p=0.0, inplace=False)
            )
            (ls2): Identity()
            (dropout): Dropout(p=0.0, inplace=False)
          )
          (31): Block(
            (norm1): LayerNorm((1024,), eps=1e-05, elementwise_affine=True)
            (attn): Attention(
              (qkv): Linear(in_features=1024, out_features=3072, bias=True)
              (proj): Linear(in_features=1024, out_features=1024, bias=True)
            )
            (ls1): Identity()
            (drop_path): DropPath(drop_prob=0.100)
            (norm2): LayerNorm((1024,), eps=1e-05, elementwise_affine=True)
            (mlp): Mlp(
              (fc1): Linear(in_features=1024, out_features=4736, bias=True)
              (act): GELU(approximate='none')
              (drop1): Dropout(p=0.0, inplace=False)
              (norm): Identity()
              (fc2): Linear(in_features=4736, out_features=1024, bias=True)
              (drop2): Dropout(p=0.0, inplace=False)
            )
            (ls2): Identity()
            (dropout): Dropout(p=0.0, inplace=False)
          )
        )
        (ln_pre): LayerNorm((1024,), eps=1e-05, elementwise_affine=True)
        (ln_post): Identity()
      )
      (position_encoding): PositionEmbeddingSine()
      (convs): ModuleList(
        (0): Sequential(
          (dconv_2x2_0): ConvTranspose2d(1024, 512, kernel_size=(2, 2), stride=(2, 2))
          (gelu): GELU(approximate='none')
          (dconv_2x2_1): ConvTranspose2d(512, 256, kernel_size=(2, 2), stride=(2, 2))
          (conv_1x1): Conv2d(256, 256, kernel_size=(1, 1), stride=(1, 1))
          (conv_3x3): Conv2d(256, 256, kernel_size=(3, 3), stride=(1, 1), padding=(1, 1))
        )
        (1): Sequential(
          (dconv_2x2): ConvTranspose2d(1024, 512, kernel_size=(2, 2), stride=(2, 2))
          (conv_1x1): Conv2d(512, 256, kernel_size=(1, 1), stride=(1, 1))
          (conv_3x3): Conv2d(256, 256, kernel_size=(3, 3), stride=(1, 1), padding=(1, 1))
        )
        (2): Sequential(
          (conv_1x1): Conv2d(1024, 256, kernel_size=(1, 1), stride=(1, 1))
          (conv_3x3): Conv2d(256, 256, kernel_size=(3, 3), stride=(1, 1), padding=(1, 1))
        )
        (3): Sequential(
          (maxpool_2x2): MaxPool2d(kernel_size=2, stride=2, padding=0, dilation=1, ceil_mode=False)
          (conv_1x1): Conv2d(1024, 256, kernel_size=(1, 1), stride=(1, 1))
          (conv_3x3): Conv2d(256, 256, kernel_size=(3, 3), stride=(1, 1), padding=(1, 1))
        )
      )
    )
    (language_backbone): VETextEncoder(
      (encoder): TextTransformer(
        (token_embedding): Embedding(49408, 1024)
        (transformer): Transformer(
          (resblocks): ModuleList(
            (0-23): 24 x ResidualAttentionBlock(
              (attn): MultiheadAttention(
                (out_proj): NonDynamicallyQuantizableLinear(in_features=1024, out_features=1024, bias=True)
              )
              (ln_1): LayerNorm((1024,), eps=1e-05, elementwise_affine=True)
              (ln_2): LayerNorm((1024,), eps=1e-05, elementwise_affine=True)
              (ls_1): Identity()
              (ls_2): Identity()
              (mlp): Sequential(
                (c_fc): Linear(in_features=1024, out_features=4096, bias=True)
                (gelu): GELU(approximate='none')
                (c_proj): Linear(in_features=4096, out_features=1024, bias=True)
              )
            )
          )
        )
        (ln_final): LayerNorm((1024,), eps=1e-05, elementwise_affine=True)
      )
      (resizer): Linear(in_features=1024, out_features=256, bias=True)
    )
  )
  (geometry_encoder): SequenceGeometryEncoder(
    (pos_enc): PositionEmbeddingSine()
    (label_embed): Embedding(2, 256)
    (cls_embed): Embedding(1, 256)
    (points_direct_project): Linear(in_features=2, out_features=256, bias=True)
    (points_pool_project): Linear(in_features=256, out_features=256, bias=True)
    (points_pos_enc_project): Linear(in_features=256, out_features=256, bias=True)
    (boxes_direct_project): Linear(in_features=4, out_features=256, bias=True)
    (boxes_pool_project): Conv2d(256, 256, kernel_size=(7, 7), stride=(1, 1))
    (boxes_pos_enc_project): Linear(in_features=258, out_features=256, bias=True)
    (final_proj): Linear(in_features=256, out_features=256, bias=True)
    (norm): LayerNorm((256,), eps=1e-05, elementwise_affine=True)
    (img_pre_norm): LayerNorm((256,), eps=1e-05, elementwise_affine=True)
    (encode): ModuleList(
      (0-2): 3 x TransformerEncoderLayer(
        (self_attn): MultiheadAttentionWrapper(
          (out_proj): NonDynamicallyQuantizableLinear(in_features=256, out_features=256, bias=True)
        )
        (cross_attn_image): MultiheadAttentionWrapper(
          (out_proj): NonDynamicallyQuantizableLinear(in_features=256, out_features=256, bias=True)
        )
        (linear1): Linear(in_features=256, out_features=2048, bias=True)
        (dropout): Dropout(p=0.1, inplace=False)
        (linear2): Linear(in_features=2048, out_features=256, bias=True)
        (norm1): LayerNorm((256,), eps=1e-05, elementwise_affine=True)
        (norm2): LayerNorm((256,), eps=1e-05, elementwise_affine=True)
        (norm3): LayerNorm((256,), eps=1e-05, elementwise_affine=True)
        (dropout1): Dropout(p=0.1, inplace=False)
        (dropout2): Dropout(p=0.1, inplace=False)
        (dropout3): Dropout(p=0.1, inplace=False)
      )
    )
    (encode_norm): LayerNorm((256,), eps=1e-05, elementwise_affine=True)
  )
  (transformer): TransformerWrapper(
    (encoder): TransformerEncoderFusion(
      (layers): ModuleList(
        (0-5): 6 x TransformerEncoderLayer(
          (self_attn): MultiheadAttentionWrapper(
            (out_proj): NonDynamicallyQuantizableLinear(in_features=256, out_features=256, bias=True)
          )
          (cross_attn_image): MultiheadAttentionWrapper(
            (out_proj): NonDynamicallyQuantizableLinear(in_features=256, out_features=256, bias=True)
          )
          (linear1): Linear(in_features=256, out_features=2048, bias=True)
          (dropout): Dropout(p=0.1, inplace=False)
          (linear2): Linear(in_features=2048, out_features=256, bias=True)
          (norm1): LayerNorm((256,), eps=1e-05, elementwise_affine=True)
          (norm2): LayerNorm((256,), eps=1e-05, elementwise_affine=True)
          (norm3): LayerNorm((256,), eps=1e-05, elementwise_affine=True)
          (dropout1): Dropout(p=0.1, inplace=False)
          (dropout2): Dropout(p=0.1, inplace=False)
          (dropout3): Dropout(p=0.1, inplace=False)
        )
      )
    )
    (decoder): TransformerDecoder(
      (layers): ModuleList(
        (0-5): 6 x TransformerDecoderLayer(
          (cross_attn): MultiheadAttentionWrapper(
            (out_proj): NonDynamicallyQuantizableLinear(in_features=256, out_features=256, bias=True)
          )
          (dropout1): Dropout(p=0.1, inplace=False)
          (norm1): LayerNorm((256,), eps=1e-05, elementwise_affine=True)
          (ca_text): MultiheadAttention(
            (out_proj): NonDynamicallyQuantizableLinear(in_features=256, out_features=256, bias=True)
          )
          (catext_dropout): Dropout(p=0.1, inplace=False)
          (catext_norm): LayerNorm((256,), eps=1e-05, elementwise_affine=True)
          (self_attn): MultiheadAttention(
            (out_proj): NonDynamicallyQuantizableLinear(in_features=256, out_features=256, bias=True)
          )
          (dropout2): Dropout(p=0.1, inplace=False)
          (norm2): LayerNorm((256,), eps=1e-05, elementwise_affine=True)
          (linear1): Linear(in_features=256, out_features=2048, bias=True)
          (dropout3): Dropout(p=0.1, inplace=False)
          (linear2): Linear(in_features=2048, out_features=256, bias=True)
          (dropout4): Dropout(p=0.1, inplace=False)
          (norm3): LayerNorm((256,), eps=1e-05, elementwise_affine=True)
        )
      )
      (norm): LayerNorm((256,), eps=1e-05, elementwise_affine=True)
      (bbox_embed): MLP(
        (layers): ModuleList(
          (0-1): 2 x Linear(in_features=256, out_features=256, bias=True)
          (2): Linear(in_features=256, out_features=4, bias=True)
        )
        (drop): Identity()
        (out_norm): Identity()
      )
      (query_embed): Embedding(200, 256)
      (reference_points): Embedding(200, 4)
      (boxRPB_embed_x): MLP(
        (layers): ModuleList(
          (0): Linear(in_features=2, out_features=256, bias=True)
          (1): Linear(in_features=256, out_features=8, bias=True)
        )
        (drop): Identity()
        (out_norm): Identity()
      )
      (boxRPB_embed_y): MLP(
        (layers): ModuleList(
          (0): Linear(in_features=2, out_features=256, bias=True)
          (1): Linear(in_features=256, out_features=8, bias=True)
        )
        (drop): Identity()
        (out_norm): Identity()
      )
      (presence_token): Embedding(1, 256)
      (presence_token_head): MLP(
        (layers): ModuleList(
          (0-1): 2 x Linear(in_features=256, out_features=256, bias=True)
          (2): Linear(in_features=256, out_features=1, bias=True)
        )
        (drop): Identity()
        (out_norm): Identity()
      )
      (presence_token_out_norm): LayerNorm((256,), eps=1e-05, elementwise_affine=True)
      (ref_point_head): MLP(
        (layers): ModuleList(
          (0): Linear(in_features=512, out_features=256, bias=True)
          (1): Linear(in_features=256, out_features=256, bias=True)
        )
        (drop): Identity()
        (out_norm): Identity()
      )
    )
  )
  (segmentation_head): UniversalSegmentationHead(
    (pixel_decoder): PixelDecoder(
      (conv_layers): ModuleList(
        (0-2): 3 x Conv2d(256, 256, kernel_size=(3, 3), stride=(1, 1), padding=(1, 1))
      )
      (norms): ModuleList(
        (0-2): 3 x GroupNorm(8, 256, eps=1e-05, affine=True)
      )
    )
    (mask_predictor): MaskPredictor(
      (mask_embed): MLP(
        (layers): ModuleList(
          (0-2): 3 x Linear(in_features=256, out_features=256, bias=True)
        )
        (drop): Identity()
        (out_norm): Identity()
      )
    )
    (cross_attend_prompt): MultiheadAttentionWrapper(
      (out_proj): NonDynamicallyQuantizableLinear(in_features=256, out_features=256, bias=True)
    )
    (cross_attn_norm): LayerNorm((256,), eps=1e-05, elementwise_affine=True)
    (semantic_seg_head): Conv2d(256, 1, kernel_size=(1, 1), stride=(1, 1))
    (instance_seg_head): Conv2d(256, 256, kernel_size=(1, 1), stride=(1, 1))
  )
  (dot_prod_scoring): DotProductScoring(
    (prompt_mlp): MLP(
      (layers): ModuleList(
        (0): Linear(in_features=256, out_features=2048, bias=True)
        (1): Linear(in_features=2048, out_features=256, bias=True)
      )
      (drop): Dropout(p=0.1, inplace=False)
      (out_norm): LayerNorm((256,), eps=1e-05, elementwise_affine=True)
    )
    (prompt_proj): Linear(in_features=256, out_features=256, bias=True)
    (hs_proj): Linear(in_features=256, out_features=256, bias=True)
  )
  (matcher): BinaryHungarianMatcherV2(
    (norm): Sigmoid()
  )
)
INFO 2026-03-28 16:09:12,166 trainer.py:1138: 	Total parameters 840 M
INFO 2026-03-28 16:09:12,166 trainer.py:1139: 	Trainable parameters 840 M
INFO 2026-03-28 16:09:12,166 trainer.py:1142: 	Non-Trainable parameters 0  
INFO 2026-03-28 16:09:12,166 trainer.py:1145: ====================
WARNING: TIDE not installed. Detailed analysis will not be available.
INFO 2026-03-28 16:09:14,116 coco_writer.py:  93: Created prediction dump directory: /home/u21/kapilparab/sam3-UA/sam3/train/data/geo/experiments//geo_segmentation
INFO 2026-03-28 16:09:14,117 trainer.py:1099: Finished setting up components: Model, loss, optim, meters etc.
INFO 2026-03-28 16:09:14,117 trainer.py: 323: Moving components to device cuda:0 and local rank 0.
INFO 2026-03-28 16:09:14,418 trainer.py: 329: Done moving components to device cuda:0 and local rank 0.
INFO 2026-03-28 16:09:14,454 optimizer.py: 245: Matches for param_name [backbone.vision_backbone.*]: {'backbone.vision_backbone.trunk.blocks.18.attn.proj.weight', 'backbone.vision_backbone.trunk.blocks.31.mlp.fc1.weight', 'backbone.vision_backbone.trunk.blocks.23.attn.proj.weight', 'backbone.vision_backbone.trunk.blocks.18.norm2.bias', 'backbone.vision_backbone.trunk.blocks.4.attn.qkv.bias', 'backbone.vision_backbone.trunk.blocks.30.norm2.weight', 'backbone.vision_backbone.trunk.blocks.0.mlp.fc1.weight', 'backbone.vision_backbone.trunk.blocks.4.mlp.fc1.bias', 'backbone.vision_backbone.trunk.blocks.22.mlp.fc2.weight', 'backbone.vision_backbone.trunk.blocks.13.norm2.weight', 'backbone.vision_backbone.trunk.blocks.31.attn.qkv.bias', 'backbone.vision_backbone.trunk.blocks.5.norm1.bias', 'backbone.vision_backbone.convs.1.conv_3x3.weight', 'backbone.vision_backbone.trunk.blocks.24.attn.proj.weight', 'backbone.vision_backbone.trunk.blocks.20.norm1.weight', 'backbone.vision_backbone.trunk.blocks.7.mlp.fc2.weight', 'backbone.vision_backbone.trunk.blocks.18.attn.qkv.weight', 'backbone.vision_backbone.trunk.blocks.4.mlp.fc1.weight', 'backbone.vision_backbone.trunk.blocks.21.mlp.fc2.bias', 'backbone.vision_backbone.trunk.blocks.29.mlp.fc1.weight', 'backbone.vision_backbone.trunk.blocks.14.attn.proj.weight', 'backbone.vision_backbone.trunk.blocks.5.mlp.fc2.weight', 'backbone.vision_backbone.trunk.blocks.15.norm2.bias', 'backbone.vision_backbone.trunk.blocks.2.attn.proj.bias', 'backbone.vision_backbone.trunk.blocks.19.attn.proj.weight', 'backbone.vision_backbone.trunk.blocks.22.attn.qkv.weight', 'backbone.vision_backbone.trunk.blocks.16.attn.qkv.bias', 'backbone.vision_backbone.trunk.blocks.10.norm1.bias', 'backbone.vision_backbone.trunk.blocks.24.mlp.fc1.weight', 'backbone.vision_backbone.convs.0.conv_1x1.bias', 'backbone.vision_backbone.trunk.blocks.19.attn.proj.bias', 'backbone.vision_backbone.trunk.blocks.22.norm1.bias', 'backbone.vision_backbone.trunk.blocks.10.norm2.weight', 'backbone.vision_backbone.convs.0.conv_1x1.weight', 'backbone.vision_backbone.trunk.blocks.7.norm1.bias', 'backbone.vision_backbone.trunk.blocks.0.attn.proj.bias', 'backbone.vision_backbone.trunk.blocks.15.norm1.weight', 'backbone.vision_backbone.trunk.blocks.31.attn.qkv.weight', 'backbone.vision_backbone.trunk.blocks.24.attn.proj.bias', 'backbone.vision_backbone.trunk.blocks.14.attn.proj.bias', 'backbone.vision_backbone.trunk.blocks.23.attn.qkv.weight', 'backbone.vision_backbone.trunk.blocks.27.norm1.bias', 'backbone.vision_backbone.trunk.blocks.2.norm1.weight', 'backbone.vision_backbone.trunk.blocks.5.norm2.bias', 'backbone.vision_backbone.trunk.blocks.17.norm2.weight', 'backbone.vision_backbone.trunk.blocks.22.attn.qkv.bias', 'backbone.vision_backbone.trunk.ln_pre.bias', 'backbone.vision_backbone.trunk.blocks.9.attn.proj.weight', 'backbone.vision_backbone.convs.0.dconv_2x2_0.weight', 'backbone.vision_backbone.trunk.blocks.28.norm2.bias', 'backbone.vision_backbone.trunk.blocks.13.attn.qkv.weight', 'backbone.vision_backbone.trunk.blocks.9.attn.proj.bias', 'backbone.vision_backbone.trunk.blocks.7.attn.proj.weight', 'backbone.vision_backbone.trunk.blocks.3.attn.proj.bias', 'backbone.vision_backbone.trunk.blocks.31.mlp.fc2.weight', 'backbone.vision_backbone.trunk.blocks.28.attn.proj.weight', 'backbone.vision_backbone.trunk.blocks.0.norm1.bias', 'backbone.vision_backbone.trunk.blocks.11.attn.qkv.weight', 'backbone.vision_backbone.trunk.blocks.9.mlp.fc1.weight', 'backbone.vision_backbone.trunk.blocks.3.norm1.bias', 'backbone.vision_backbone.trunk.blocks.26.mlp.fc2.weight', 'backbone.vision_backbone.trunk.blocks.28.mlp.fc2.weight', 'backbone.vision_backbone.trunk.blocks.3.norm1.weight', 'backbone.vision_backbone.trunk.blocks.4.norm2.bias', 'backbone.vision_backbone.trunk.blocks.29.attn.qkv.bias', 'backbone.vision_backbone.trunk.blocks.2.attn.qkv.weight', 'backbone.vision_backbone.trunk.blocks.14.mlp.fc1.weight', 'backbone.vision_backbone.trunk.blocks.23.norm2.weight', 'backbone.vision_backbone.trunk.blocks.18.norm1.weight', 'backbone.vision_backbone.trunk.blocks.4.mlp.fc2.bias', 'backbone.vision_backbone.trunk.blocks.19.norm2.weight', 'backbone.vision_backbone.trunk.blocks.29.norm1.weight', 'backbone.vision_backbone.trunk.blocks.30.attn.proj.weight', 'backbone.vision_backbone.trunk.blocks.16.attn.qkv.weight', 'backbone.vision_backbone.trunk.blocks.26.norm2.bias', 'backbone.vision_backbone.trunk.blocks.26.norm1.weight', 'backbone.vision_backbone.trunk.blocks.12.attn.qkv.bias', 'backbone.vision_backbone.trunk.blocks.2.attn.qkv.bias', 'backbone.vision_backbone.trunk.blocks.3.mlp.fc2.bias', 'backbone.vision_backbone.trunk.blocks.12.attn.proj.weight', 'backbone.vision_backbone.trunk.blocks.9.mlp.fc2.bias', 'backbone.vision_backbone.trunk.blocks.11.attn.qkv.bias', 'backbone.vision_backbone.trunk.blocks.11.norm1.bias', 'backbone.vision_backbone.trunk.blocks.1.mlp.fc1.weight', 'backbone.vision_backbone.trunk.blocks.20.attn.qkv.bias', 'backbone.vision_backbone.trunk.blocks.27.attn.proj.bias', 'backbone.vision_backbone.trunk.blocks.2.norm1.bias', 'backbone.vision_backbone.trunk.blocks.8.norm2.bias', 'backbone.vision_backbone.trunk.blocks.15.attn.qkv.weight', 'backbone.vision_backbone.trunk.blocks.15.norm1.bias', 'backbone.vision_backbone.trunk.blocks.27.mlp.fc1.bias', 'backbone.vision_backbone.trunk.ln_pre.weight', 'backbone.vision_backbone.trunk.blocks.24.mlp.fc2.weight', 'backbone.vision_backbone.convs.3.conv_1x1.weight', 'backbone.vision_backbone.trunk.blocks.31.norm1.bias', 'backbone.vision_backbone.convs.0.dconv_2x2_0.bias', 'backbone.vision_backbone.trunk.blocks.30.attn.proj.bias', 'backbone.vision_backbone.trunk.blocks.14.mlp.fc2.weight', 'backbone.vision_backbone.trunk.blocks.12.norm1.weight', 'backbone.vision_backbone.trunk.blocks.6.mlp.fc1.bias', 'backbone.vision_backbone.trunk.blocks.0.mlp.fc2.bias', 'backbone.vision_backbone.trunk.blocks.12.norm2.weight', 'backbone.vision_backbone.trunk.blocks.0.norm1.weight', 'backbone.vision_backbone.trunk.blocks.26.attn.proj.weight', 'backbone.vision_backbone.trunk.blocks.19.mlp.fc1.bias', 'backbone.vision_backbone.trunk.blocks.29.norm2.weight', 'backbone.vision_backbone.trunk.blocks.23.mlp.fc1.weight', 'backbone.vision_backbone.trunk.blocks.15.mlp.fc1.bias', 'backbone.vision_backbone.trunk.blocks.15.norm2.weight', 'backbone.vision_backbone.trunk.blocks.24.norm1.bias', 'backbone.vision_backbone.trunk.blocks.31.norm2.bias', 'backbone.vision_backbone.trunk.blocks.7.mlp.fc1.weight', 'backbone.vision_backbone.trunk.blocks.21.norm2.weight', 'backbone.vision_backbone.trunk.blocks.22.attn.proj.bias', 'backbone.vision_backbone.convs.2.conv_1x1.weight', 'backbone.vision_backbone.trunk.blocks.4.attn.qkv.weight', 'backbone.vision_backbone.trunk.blocks.16.norm1.bias', 'backbone.vision_backbone.trunk.blocks.14.norm1.bias', 'backbone.vision_backbone.trunk.blocks.25.mlp.fc2.bias', 'backbone.vision_backbone.trunk.blocks.29.mlp.fc1.bias', 'backbone.vision_backbone.trunk.blocks.26.attn.proj.bias', 'backbone.vision_backbone.trunk.blocks.15.attn.qkv.bias', 'backbone.vision_backbone.trunk.blocks.16.mlp.fc2.bias', 'backbone.vision_backbone.trunk.blocks.11.mlp.fc1.weight', 'backbone.vision_backbone.trunk.blocks.17.mlp.fc2.weight', 'backbone.vision_backbone.trunk.blocks.20.attn.qkv.weight', 'backbone.vision_backbone.trunk.blocks.26.norm2.weight', 'backbone.vision_backbone.trunk.blocks.23.mlp.fc2.weight', 'backbone.vision_backbone.trunk.blocks.24.mlp.fc1.bias', 'backbone.vision_backbone.convs.1.dconv_2x2.weight', 'backbone.vision_backbone.trunk.blocks.29.attn.proj.bias', 'backbone.vision_backbone.trunk.blocks.6.attn.qkv.weight', 'backbone.vision_backbone.trunk.blocks.26.attn.qkv.bias', 'backbone.vision_backbone.trunk.blocks.22.norm1.weight', 'backbone.vision_backbone.trunk.blocks.9.norm1.bias', 'backbone.vision_backbone.trunk.blocks.10.mlp.fc1.bias', 'backbone.vision_backbone.trunk.blocks.9.mlp.fc1.bias', 'backbone.vision_backbone.trunk.blocks.13.attn.qkv.bias', 'backbone.vision_backbone.trunk.blocks.7.attn.proj.bias', 'backbone.vision_backbone.trunk.blocks.28.mlp.fc1.bias', 'backbone.vision_backbone.trunk.blocks.13.mlp.fc1.bias', 'backbone.vision_backbone.trunk.blocks.13.norm1.bias', 'backbone.vision_backbone.trunk.blocks.26.attn.qkv.weight', 'backbone.vision_backbone.trunk.blocks.18.norm1.bias', 'backbone.vision_backbone.trunk.blocks.19.norm1.weight', 'backbone.vision_backbone.trunk.blocks.19.norm1.bias', 'backbone.vision_backbone.trunk.pos_embed', 'backbone.vision_backbone.trunk.blocks.16.attn.proj.weight', 'backbone.vision_backbone.trunk.blocks.6.attn.proj.bias', 'backbone.vision_backbone.trunk.blocks.6.norm1.weight', 'backbone.vision_backbone.trunk.blocks.25.attn.qkv.bias', 'backbone.vision_backbone.convs.0.dconv_2x2_1.bias', 'backbone.vision_backbone.trunk.blocks.9.norm2.weight', 'backbone.vision_backbone.trunk.blocks.26.norm1.bias', 'backbone.vision_backbone.trunk.blocks.5.norm2.weight', 'backbone.vision_backbone.trunk.blocks.25.attn.proj.bias', 'backbone.vision_backbone.trunk.blocks.0.norm2.weight', 'backbone.vision_backbone.trunk.blocks.4.norm2.weight', 'backbone.vision_backbone.trunk.blocks.25.attn.qkv.weight', 'backbone.vision_backbone.trunk.blocks.20.attn.proj.weight', 'backbone.vision_backbone.trunk.blocks.11.mlp.fc2.bias', 'backbone.vision_backbone.trunk.blocks.24.norm1.weight', 'backbone.vision_backbone.trunk.blocks.1.norm1.bias', 'backbone.vision_backbone.trunk.blocks.30.mlp.fc1.bias', 'backbone.vision_backbone.trunk.blocks.5.attn.proj.bias', 'backbone.vision_backbone.trunk.blocks.1.norm2.bias', 'backbone.vision_backbone.trunk.blocks.16.norm1.weight', 'backbone.vision_backbone.trunk.blocks.24.norm2.weight', 'backbone.vision_backbone.trunk.blocks.28.norm1.bias', 'backbone.vision_backbone.trunk.blocks.11.norm2.weight', 'backbone.vision_backbone.trunk.blocks.6.mlp.fc2.weight', 'backbone.vision_backbone.trunk.blocks.31.mlp.fc1.bias', 'backbone.vision_backbone.trunk.blocks.2.mlp.fc2.bias', 'backbone.vision_backbone.trunk.blocks.31.norm1.weight', 'backbone.vision_backbone.trunk.blocks.30.norm2.bias', 'backbone.vision_backbone.trunk.blocks.20.norm2.weight', 'backbone.vision_backbone.trunk.blocks.27.attn.qkv.weight', 'backbone.vision_backbone.trunk.blocks.11.mlp.fc2.weight', 'backbone.vision_backbone.trunk.blocks.3.attn.proj.weight', 'backbone.vision_backbone.trunk.blocks.24.attn.qkv.bias', 'backbone.vision_backbone.trunk.blocks.3.norm2.bias', 'backbone.vision_backbone.convs.1.conv_1x1.weight', 'backbone.vision_backbone.trunk.blocks.4.attn.proj.weight', 'backbone.vision_backbone.trunk.blocks.2.mlp.fc1.bias', 'backbone.vision_backbone.trunk.blocks.18.mlp.fc1.bias', 'backbone.vision_backbone.trunk.blocks.0.attn.qkv.weight', 'backbone.vision_backbone.trunk.blocks.30.mlp.fc1.weight', 'backbone.vision_backbone.trunk.blocks.14.norm1.weight', 'backbone.vision_backbone.trunk.blocks.11.norm2.bias', 'backbone.vision_backbone.trunk.blocks.30.mlp.fc2.weight', 'backbone.vision_backbone.trunk.blocks.25.mlp.fc1.bias', 'backbone.vision_backbone.trunk.blocks.13.mlp.fc2.weight', 'backbone.vision_backbone.trunk.blocks.20.mlp.fc1.bias', 'backbone.vision_backbone.trunk.blocks.21.norm2.bias', 'backbone.vision_backbone.trunk.blocks.5.attn.qkv.bias', 'backbone.vision_backbone.convs.1.conv_1x1.bias', 'backbone.vision_backbone.trunk.blocks.2.mlp.fc2.weight', 'backbone.vision_backbone.trunk.blocks.1.mlp.fc2.weight', 'backbone.vision_backbone.trunk.blocks.30.norm1.weight', 'backbone.vision_backbone.trunk.blocks.29.mlp.fc2.bias', 'backbone.vision_backbone.trunk.blocks.30.norm1.bias', 'backbone.vision_backbone.trunk.blocks.5.mlp.fc2.bias', 'backbone.vision_backbone.trunk.blocks.2.norm2.weight', 'backbone.vision_backbone.trunk.blocks.22.mlp.fc2.bias', 'backbone.vision_backbone.convs.3.conv_1x1.bias', 'backbone.vision_backbone.trunk.blocks.6.attn.qkv.bias', 'backbone.vision_backbone.trunk.blocks.0.attn.proj.weight', 'backbone.vision_backbone.trunk.blocks.5.attn.qkv.weight', 'backbone.vision_backbone.trunk.blocks.8.attn.proj.weight', 'backbone.vision_backbone.convs.2.conv_1x1.bias', 'backbone.vision_backbone.trunk.blocks.4.norm1.bias', 'backbone.vision_backbone.trunk.blocks.24.mlp.fc2.bias', 'backbone.vision_backbone.trunk.blocks.11.attn.proj.weight', 'backbone.vision_backbone.trunk.blocks.5.mlp.fc1.bias', 'backbone.vision_backbone.trunk.blocks.15.attn.proj.bias', 'backbone.vision_backbone.trunk.blocks.6.norm2.bias', 'backbone.vision_backbone.trunk.blocks.18.mlp.fc2.weight', 'backbone.vision_backbone.trunk.blocks.12.mlp.fc1.weight', 'backbone.vision_backbone.convs.1.conv_3x3.bias', 'backbone.vision_backbone.trunk.blocks.17.attn.proj.weight', 'backbone.vision_backbone.trunk.blocks.9.attn.qkv.weight', 'backbone.vision_backbone.convs.0.conv_3x3.bias', 'backbone.vision_backbone.trunk.blocks.17.norm1.weight', 'backbone.vision_backbone.trunk.blocks.25.mlp.fc1.weight', 'backbone.vision_backbone.trunk.blocks.14.mlp.fc1.bias', 'backbone.vision_backbone.trunk.blocks.12.norm2.bias', 'backbone.vision_backbone.trunk.blocks.1.norm1.weight', 'backbone.vision_backbone.trunk.blocks.10.attn.proj.weight', 'backbone.vision_backbone.trunk.blocks.18.attn.qkv.bias', 'backbone.vision_backbone.trunk.blocks.21.attn.proj.weight', 'backbone.vision_backbone.trunk.blocks.28.mlp.fc2.bias', 'backbone.vision_backbone.trunk.blocks.16.mlp.fc2.weight', 'backbone.vision_backbone.trunk.blocks.15.mlp.fc2.weight', 'backbone.vision_backbone.trunk.blocks.23.attn.proj.bias', 'backbone.vision_backbone.trunk.blocks.28.mlp.fc1.weight', 'backbone.vision_backbone.trunk.blocks.23.norm2.bias', 'backbone.vision_backbone.trunk.blocks.8.norm2.weight', 'backbone.vision_backbone.trunk.blocks.22.mlp.fc1.weight', 'backbone.vision_backbone.trunk.blocks.15.attn.proj.weight', 'backbone.vision_backbone.trunk.blocks.0.attn.qkv.bias', 'backbone.vision_backbone.trunk.blocks.21.norm1.bias', 'backbone.vision_backbone.trunk.blocks.23.mlp.fc2.bias', 'backbone.vision_backbone.trunk.blocks.1.attn.qkv.weight', 'backbone.vision_backbone.trunk.blocks.8.mlp.fc2.weight', 'backbone.vision_backbone.trunk.blocks.19.mlp.fc1.weight', 'backbone.vision_backbone.trunk.blocks.25.attn.proj.weight', 'backbone.vision_backbone.trunk.blocks.22.mlp.fc1.bias', 'backbone.vision_backbone.trunk.blocks.8.attn.qkv.bias', 'backbone.vision_backbone.trunk.blocks.8.norm1.bias', 'backbone.vision_backbone.trunk.blocks.24.attn.qkv.weight', 'backbone.vision_backbone.trunk.blocks.13.mlp.fc1.weight', 'backbone.vision_backbone.trunk.blocks.27.mlp.fc2.weight', 'backbone.vision_backbone.trunk.blocks.9.norm2.bias', 'backbone.vision_backbone.trunk.blocks.11.attn.proj.bias', 'backbone.vision_backbone.trunk.blocks.9.attn.qkv.bias', 'backbone.vision_backbone.trunk.blocks.2.mlp.fc1.weight', 'backbone.vision_backbone.trunk.blocks.1.norm2.weight', 'backbone.vision_backbone.trunk.blocks.6.norm1.bias', 'backbone.vision_backbone.trunk.blocks.25.norm2.bias', 'backbone.vision_backbone.trunk.blocks.1.attn.proj.bias', 'backbone.vision_backbone.trunk.blocks.29.norm2.bias', 'backbone.vision_backbone.trunk.blocks.28.norm2.weight', 'backbone.vision_backbone.trunk.blocks.17.mlp.fc1.bias', 'backbone.vision_backbone.trunk.blocks.7.mlp.fc1.bias', 'backbone.vision_backbone.trunk.blocks.28.attn.qkv.weight', 'backbone.vision_backbone.trunk.blocks.17.attn.proj.bias', 'backbone.vision_backbone.trunk.blocks.25.norm2.weight', 'backbone.vision_backbone.trunk.blocks.17.norm2.bias', 'backbone.vision_backbone.trunk.blocks.29.attn.qkv.weight', 'backbone.vision_backbone.trunk.blocks.27.attn.proj.weight', 'backbone.vision_backbone.trunk.blocks.8.norm1.weight', 'backbone.vision_backbone.trunk.blocks.11.mlp.fc1.bias', 'backbone.vision_backbone.trunk.blocks.19.mlp.fc2.weight', 'backbone.vision_backbone.trunk.blocks.13.norm1.weight', 'backbone.vision_backbone.trunk.blocks.16.norm2.bias', 'backbone.vision_backbone.trunk.blocks.21.mlp.fc2.weight', 'backbone.vision_backbone.trunk.blocks.30.attn.qkv.weight', 'backbone.vision_backbone.trunk.blocks.25.norm1.bias', 'backbone.vision_backbone.trunk.blocks.31.mlp.fc2.bias', 'backbone.vision_backbone.trunk.blocks.18.norm2.weight', 'backbone.vision_backbone.convs.2.conv_3x3.bias', 'backbone.vision_backbone.trunk.blocks.0.mlp.fc2.weight', 'backbone.vision_backbone.trunk.blocks.10.norm1.weight', 'backbone.vision_backbone.convs.2.conv_3x3.weight', 'backbone.vision_backbone.trunk.blocks.4.mlp.fc2.weight', 'backbone.vision_backbone.trunk.blocks.18.mlp.fc2.bias', 'backbone.vision_backbone.trunk.blocks.1.mlp.fc2.bias', 'backbone.vision_backbone.trunk.blocks.7.mlp.fc2.bias', 'backbone.vision_backbone.trunk.blocks.12.mlp.fc2.weight', 'backbone.vision_backbone.trunk.blocks.29.norm1.bias', 'backbone.vision_backbone.trunk.blocks.16.norm2.weight', 'backbone.vision_backbone.trunk.blocks.15.mlp.fc1.weight', 'backbone.vision_backbone.trunk.blocks.26.mlp.fc1.weight', 'backbone.vision_backbone.trunk.blocks.13.attn.proj.bias', 'backbone.vision_backbone.trunk.blocks.16.mlp.fc1.weight', 'backbone.vision_backbone.trunk.blocks.22.attn.proj.weight', 'backbone.vision_backbone.trunk.blocks.31.attn.proj.weight', 'backbone.vision_backbone.trunk.blocks.27.mlp.fc2.bias', 'backbone.vision_backbone.trunk.blocks.22.norm2.bias', 'backbone.vision_backbone.trunk.blocks.27.norm2.weight', 'backbone.vision_backbone.trunk.blocks.8.attn.proj.bias', 'backbone.vision_backbone.trunk.blocks.17.mlp.fc2.bias', 'backbone.vision_backbone.trunk.blocks.25.norm1.weight', 'backbone.vision_backbone.trunk.blocks.10.attn.qkv.weight', 'backbone.vision_backbone.convs.3.conv_3x3.weight', 'backbone.vision_backbone.trunk.blocks.18.mlp.fc1.weight', 'backbone.vision_backbone.trunk.blocks.24.norm2.bias', 'backbone.vision_backbone.trunk.blocks.19.mlp.fc2.bias', 'backbone.vision_backbone.trunk.blocks.0.norm2.bias', 'backbone.vision_backbone.trunk.blocks.21.norm1.weight', 'backbone.vision_backbone.trunk.blocks.27.norm1.weight', 'backbone.vision_backbone.trunk.blocks.3.mlp.fc1.weight', 'backbone.vision_backbone.trunk.blocks.17.attn.qkv.bias', 'backbone.vision_backbone.trunk.blocks.10.attn.qkv.bias', 'backbone.vision_backbone.trunk.blocks.31.norm2.weight', 'backbone.vision_backbone.trunk.blocks.10.mlp.fc2.weight', 'backbone.vision_backbone.trunk.blocks.8.mlp.fc2.bias', 'backbone.vision_backbone.trunk.blocks.28.attn.proj.bias', 'backbone.vision_backbone.trunk.blocks.12.attn.qkv.weight', 'backbone.vision_backbone.trunk.patch_embed.proj.weight', 'backbone.vision_backbone.trunk.blocks.6.mlp.fc1.weight', 'backbone.vision_backbone.trunk.blocks.23.norm1.weight', 'backbone.vision_backbone.trunk.blocks.5.attn.proj.weight', 'backbone.vision_backbone.trunk.blocks.26.mlp.fc2.bias', 'backbone.vision_backbone.trunk.blocks.17.norm1.bias', 'backbone.vision_backbone.trunk.blocks.1.attn.qkv.bias', 'backbone.vision_backbone.trunk.blocks.3.norm2.weight', 'backbone.vision_backbone.trunk.blocks.7.norm2.weight', 'backbone.vision_backbone.trunk.blocks.2.norm2.bias', 'backbone.vision_backbone.trunk.blocks.7.norm1.weight', 'backbone.vision_backbone.trunk.blocks.8.attn.qkv.weight', 'backbone.vision_backbone.trunk.blocks.21.mlp.fc1.weight', 'backbone.vision_backbone.trunk.blocks.25.mlp.fc2.weight', 'backbone.vision_backbone.trunk.blocks.26.mlp.fc1.bias', 'backbone.vision_backbone.trunk.blocks.1.attn.proj.weight', 'backbone.vision_backbone.trunk.blocks.7.attn.qkv.bias', 'backbone.vision_backbone.trunk.blocks.10.mlp.fc1.weight', 'backbone.vision_backbone.trunk.blocks.6.norm2.weight', 'backbone.vision_backbone.convs.0.conv_3x3.weight', 'backbone.vision_backbone.trunk.blocks.9.mlp.fc2.weight', 'backbone.vision_backbone.convs.3.conv_3x3.bias', 'backbone.vision_backbone.trunk.blocks.30.mlp.fc2.bias', 'backbone.vision_backbone.trunk.blocks.3.mlp.fc1.bias', 'backbone.vision_backbone.trunk.blocks.3.attn.qkv.weight', 'backbone.vision_backbone.trunk.blocks.14.attn.qkv.bias', 'backbone.vision_backbone.trunk.blocks.22.norm2.weight', 'backbone.vision_backbone.trunk.blocks.10.attn.proj.bias', 'backbone.vision_backbone.trunk.blocks.27.attn.qkv.bias', 'backbone.vision_backbone.trunk.blocks.14.attn.qkv.weight', 'backbone.vision_backbone.trunk.blocks.19.norm2.bias', 'backbone.vision_backbone.trunk.blocks.7.norm2.bias', 'backbone.vision_backbone.trunk.blocks.11.norm1.weight', 'backbone.vision_backbone.trunk.blocks.30.attn.qkv.bias', 'backbone.vision_backbone.trunk.blocks.20.norm2.bias', 'backbone.vision_backbone.trunk.blocks.12.mlp.fc1.bias', 'backbone.vision_backbone.trunk.blocks.6.mlp.fc2.bias', 'backbone.vision_backbone.trunk.blocks.17.attn.qkv.weight', 'backbone.vision_backbone.trunk.blocks.19.attn.qkv.weight', 'backbone.vision_backbone.trunk.blocks.31.attn.proj.bias', 'backbone.vision_backbone.trunk.blocks.17.mlp.fc1.weight', 'backbone.vision_backbone.trunk.blocks.12.mlp.fc2.bias', 'backbone.vision_backbone.trunk.blocks.6.attn.proj.weight', 'backbone.vision_backbone.trunk.blocks.1.mlp.fc1.bias', 'backbone.vision_backbone.trunk.blocks.4.attn.proj.bias', 'backbone.vision_backbone.trunk.blocks.16.mlp.fc1.bias', 'backbone.vision_backbone.trunk.blocks.3.mlp.fc2.weight', 'backbone.vision_backbone.trunk.blocks.21.mlp.fc1.bias', 'backbone.vision_backbone.trunk.blocks.14.norm2.bias', 'backbone.vision_backbone.trunk.blocks.28.norm1.weight', 'backbone.vision_backbone.trunk.blocks.20.attn.proj.bias', 'backbone.vision_backbone.trunk.blocks.5.mlp.fc1.weight', 'backbone.vision_backbone.trunk.blocks.21.attn.qkv.bias', 'backbone.vision_backbone.trunk.blocks.15.mlp.fc2.bias', 'backbone.vision_backbone.trunk.blocks.28.attn.qkv.bias', 'backbone.vision_backbone.trunk.blocks.18.attn.proj.bias', 'backbone.vision_backbone.convs.1.dconv_2x2.bias', 'backbone.vision_backbone.trunk.blocks.8.mlp.fc1.bias', 'backbone.vision_backbone.trunk.blocks.13.mlp.fc2.bias', 'backbone.vision_backbone.trunk.blocks.23.norm1.bias', 'backbone.vision_backbone.trunk.blocks.5.norm1.weight', 'backbone.vision_backbone.trunk.blocks.23.mlp.fc1.bias', 'backbone.vision_backbone.trunk.blocks.29.attn.proj.weight', 'backbone.vision_backbone.trunk.blocks.23.attn.qkv.bias', 'backbone.vision_backbone.trunk.blocks.10.norm2.bias', 'backbone.vision_backbone.trunk.blocks.13.attn.proj.weight', 'backbone.vision_backbone.trunk.blocks.21.attn.proj.bias', 'backbone.vision_backbone.trunk.blocks.21.attn.qkv.weight', 'backbone.vision_backbone.trunk.blocks.29.mlp.fc2.weight', 'backbone.vision_backbone.trunk.blocks.7.attn.qkv.weight', 'backbone.vision_backbone.trunk.blocks.8.mlp.fc1.weight', 'backbone.vision_backbone.trunk.blocks.14.norm2.weight', 'backbone.vision_backbone.trunk.blocks.12.norm1.bias', 'backbone.vision_backbone.trunk.blocks.20.norm1.bias', 'backbone.vision_backbone.trunk.blocks.20.mlp.fc1.weight', 'backbone.vision_backbone.trunk.blocks.13.norm2.bias', 'backbone.vision_backbone.trunk.blocks.9.norm1.weight', 'backbone.vision_backbone.trunk.blocks.12.attn.proj.bias', 'backbone.vision_backbone.trunk.blocks.10.mlp.fc2.bias', 'backbone.vision_backbone.trunk.blocks.2.attn.proj.weight', 'backbone.vision_backbone.trunk.blocks.3.attn.qkv.bias', 'backbone.vision_backbone.trunk.blocks.16.attn.proj.bias', 'backbone.vision_backbone.trunk.blocks.4.norm1.weight', 'backbone.vision_backbone.trunk.blocks.20.mlp.fc2.bias', 'backbone.vision_backbone.trunk.blocks.19.attn.qkv.bias', 'backbone.vision_backbone.trunk.blocks.20.mlp.fc2.weight', 'backbone.vision_backbone.trunk.blocks.14.mlp.fc2.bias', 'backbone.vision_backbone.trunk.blocks.0.mlp.fc1.bias', 'backbone.vision_backbone.trunk.blocks.27.mlp.fc1.weight', 'backbone.vision_backbone.convs.0.dconv_2x2_1.weight', 'backbone.vision_backbone.trunk.blocks.27.norm2.bias'}
INFO 2026-03-28 16:09:14,454 optimizer.py: 245: Matches for param_name [backbone.language_backbone.*]: {'backbone.language_backbone.encoder.transformer.resblocks.11.ln_2.weight', 'backbone.language_backbone.encoder.text_projection', 'backbone.language_backbone.encoder.transformer.resblocks.4.attn.out_proj.bias', 'backbone.language_backbone.encoder.transformer.resblocks.1.mlp.c_fc.weight', 'backbone.language_backbone.encoder.transformer.resblocks.0.ln_1.bias', 'backbone.language_backbone.encoder.transformer.resblocks.17.mlp.c_fc.bias', 'backbone.language_backbone.encoder.transformer.resblocks.4.attn.in_proj_bias', 'backbone.language_backbone.encoder.transformer.resblocks.8.ln_2.bias', 'backbone.language_backbone.encoder.transformer.resblocks.22.attn.out_proj.weight', 'backbone.language_backbone.encoder.transformer.resblocks.20.mlp.c_fc.weight', 'backbone.language_backbone.encoder.transformer.resblocks.0.ln_1.weight', 'backbone.language_backbone.encoder.transformer.resblocks.12.ln_2.bias', 'backbone.language_backbone.encoder.transformer.resblocks.13.ln_1.bias', 'backbone.language_backbone.encoder.transformer.resblocks.15.ln_1.bias', 'backbone.language_backbone.encoder.transformer.resblocks.22.mlp.c_proj.bias', 'backbone.language_backbone.encoder.transformer.resblocks.14.mlp.c_proj.bias', 'backbone.language_backbone.encoder.transformer.resblocks.7.attn.in_proj_bias', 'backbone.language_backbone.encoder.transformer.resblocks.14.ln_1.bias', 'backbone.language_backbone.encoder.transformer.resblocks.23.mlp.c_fc.weight', 'backbone.language_backbone.encoder.transformer.resblocks.12.mlp.c_proj.weight', 'backbone.language_backbone.encoder.transformer.resblocks.2.attn.in_proj_bias', 'backbone.language_backbone.encoder.transformer.resblocks.16.mlp.c_proj.weight', 'backbone.language_backbone.encoder.transformer.resblocks.22.ln_2.weight', 'backbone.language_backbone.encoder.transformer.resblocks.3.mlp.c_fc.bias', 'backbone.language_backbone.encoder.transformer.resblocks.18.attn.in_proj_bias', 'backbone.language_backbone.encoder.transformer.resblocks.9.mlp.c_fc.bias', 'backbone.language_backbone.encoder.transformer.resblocks.18.mlp.c_proj.weight', 'backbone.language_backbone.encoder.transformer.resblocks.2.mlp.c_proj.weight', 'backbone.language_backbone.encoder.transformer.resblocks.3.attn.in_proj_weight', 'backbone.language_backbone.encoder.transformer.resblocks.1.ln_1.weight', 'backbone.language_backbone.encoder.transformer.resblocks.21.attn.out_proj.bias', 'backbone.language_backbone.encoder.transformer.resblocks.0.mlp.c_fc.weight', 'backbone.language_backbone.encoder.transformer.resblocks.10.attn.out_proj.weight', 'backbone.language_backbone.encoder.transformer.resblocks.10.mlp.c_fc.weight', 'backbone.language_backbone.encoder.transformer.resblocks.23.ln_1.bias', 'backbone.language_backbone.encoder.transformer.resblocks.13.attn.in_proj_bias', 'backbone.language_backbone.encoder.transformer.resblocks.16.mlp.c_fc.weight', 'backbone.language_backbone.encoder.transformer.resblocks.20.mlp.c_proj.weight', 'backbone.language_backbone.encoder.transformer.resblocks.17.ln_2.bias', 'backbone.language_backbone.encoder.transformer.resblocks.9.ln_1.bias', 'backbone.language_backbone.encoder.transformer.resblocks.6.ln_1.weight', 'backbone.language_backbone.encoder.transformer.resblocks.16.ln_1.bias', 'backbone.language_backbone.encoder.transformer.resblocks.19.ln_2.weight', 'backbone.language_backbone.encoder.transformer.resblocks.13.ln_2.bias', 'backbone.language_backbone.encoder.transformer.resblocks.9.attn.out_proj.bias', 'backbone.language_backbone.encoder.transformer.resblocks.21.ln_1.bias', 'backbone.language_backbone.encoder.transformer.resblocks.4.ln_2.bias', 'backbone.language_backbone.encoder.transformer.resblocks.20.mlp.c_fc.bias', 'backbone.language_backbone.encoder.transformer.resblocks.23.attn.out_proj.bias', 'backbone.language_backbone.encoder.token_embedding.weight', 'backbone.language_backbone.encoder.transformer.resblocks.3.mlp.c_fc.weight', 'backbone.language_backbone.encoder.transformer.resblocks.20.attn.out_proj.weight', 'backbone.language_backbone.encoder.transformer.resblocks.22.mlp.c_fc.weight', 'backbone.language_backbone.encoder.transformer.resblocks.9.attn.in_proj_bias', 'backbone.language_backbone.encoder.transformer.resblocks.18.ln_1.bias', 'backbone.language_backbone.encoder.transformer.resblocks.20.ln_2.bias', 'backbone.language_backbone.encoder.transformer.resblocks.20.ln_2.weight', 'backbone.language_backbone.encoder.transformer.resblocks.10.ln_1.weight', 'backbone.language_backbone.encoder.transformer.resblocks.0.ln_2.weight', 'backbone.language_backbone.encoder.transformer.resblocks.12.attn.in_proj_bias', 'backbone.language_backbone.encoder.transformer.resblocks.20.ln_1.bias', 'backbone.language_backbone.encoder.transformer.resblocks.21.mlp.c_fc.bias', 'backbone.language_backbone.encoder.transformer.resblocks.15.mlp.c_fc.bias', 'backbone.language_backbone.encoder.transformer.resblocks.13.mlp.c_proj.weight', 'backbone.language_backbone.encoder.transformer.resblocks.18.ln_2.weight', 'backbone.language_backbone.encoder.transformer.resblocks.21.attn.in_proj_bias', 'backbone.language_backbone.encoder.transformer.resblocks.8.mlp.c_fc.bias', 'backbone.language_backbone.encoder.transformer.resblocks.19.ln_1.bias', 'backbone.language_backbone.encoder.transformer.resblocks.1.mlp.c_proj.weight', 'backbone.language_backbone.encoder.transformer.resblocks.8.ln_1.weight', 'backbone.language_backbone.encoder.transformer.resblocks.5.mlp.c_proj.bias', 'backbone.language_backbone.encoder.transformer.resblocks.0.attn.in_proj_weight', 'backbone.language_backbone.encoder.transformer.resblocks.3.attn.out_proj.bias', 'backbone.language_backbone.encoder.transformer.resblocks.6.attn.in_proj_weight', 'backbone.language_backbone.encoder.transformer.resblocks.3.attn.out_proj.weight', 'backbone.language_backbone.encoder.transformer.resblocks.3.attn.in_proj_bias', 'backbone.language_backbone.encoder.transformer.resblocks.22.ln_2.bias', 'backbone.language_backbone.encoder.transformer.resblocks.5.attn.in_proj_bias', 'backbone.language_backbone.encoder.transformer.resblocks.19.attn.out_proj.weight', 'backbone.language_backbone.encoder.transformer.resblocks.4.mlp.c_fc.bias', 'backbone.language_backbone.encoder.transformer.resblocks.16.ln_2.weight', 'backbone.language_backbone.encoder.transformer.resblocks.13.attn.out_proj.bias', 'backbone.language_backbone.encoder.transformer.resblocks.5.attn.out_proj.bias', 'backbone.language_backbone.encoder.transformer.resblocks.14.attn.in_proj_weight', 'backbone.language_backbone.encoder.transformer.resblocks.19.ln_2.bias', 'backbone.language_backbone.encoder.transformer.resblocks.9.mlp.c_fc.weight', 'backbone.language_backbone.encoder.transformer.resblocks.22.attn.in_proj_bias', 'backbone.language_backbone.encoder.transformer.resblocks.8.mlp.c_fc.weight', 'backbone.language_backbone.encoder.transformer.resblocks.16.ln_2.bias', 'backbone.language_backbone.encoder.transformer.resblocks.1.attn.out_proj.bias', 'backbone.language_backbone.encoder.transformer.resblocks.20.mlp.c_proj.bias', 'backbone.language_backbone.encoder.transformer.resblocks.5.attn.out_proj.weight', 'backbone.language_backbone.encoder.transformer.resblocks.1.attn.in_proj_weight', 'backbone.language_backbone.encoder.transformer.resblocks.15.attn.in_proj_bias', 'backbone.language_backbone.encoder.transformer.resblocks.0.mlp.c_fc.bias', 'backbone.language_backbone.encoder.transformer.resblocks.21.mlp.c_proj.bias', 'backbone.language_backbone.encoder.transformer.resblocks.11.ln_1.bias', 'backbone.language_backbone.encoder.transformer.resblocks.5.ln_2.bias', 'backbone.language_backbone.encoder.transformer.resblocks.14.mlp.c_proj.weight', 'backbone.language_backbone.encoder.transformer.resblocks.22.mlp.c_proj.weight', 'backbone.language_backbone.encoder.transformer.resblocks.22.attn.out_proj.bias', 'backbone.language_backbone.encoder.transformer.resblocks.1.ln_1.bias', 'backbone.language_backbone.encoder.transformer.resblocks.16.mlp.c_fc.bias', 'backbone.language_backbone.encoder.transformer.resblocks.6.ln_2.bias', 'backbone.language_backbone.encoder.transformer.resblocks.17.ln_1.weight', 'backbone.language_backbone.encoder.transformer.resblocks.16.attn.in_proj_bias', 'backbone.language_backbone.encoder.transformer.resblocks.6.attn.out_proj.bias', 'backbone.language_backbone.encoder.transformer.resblocks.16.mlp.c_proj.bias', 'backbone.language_backbone.encoder.transformer.resblocks.5.mlp.c_proj.weight', 'backbone.language_backbone.encoder.transformer.resblocks.7.ln_1.bias', 'backbone.language_backbone.encoder.transformer.resblocks.21.ln_2.weight', 'backbone.language_backbone.encoder.transformer.resblocks.23.mlp.c_proj.weight', 'backbone.language_backbone.encoder.transformer.resblocks.2.ln_1.weight', 'backbone.language_backbone.encoder.transformer.resblocks.22.ln_1.bias', 'backbone.language_backbone.encoder.transformer.resblocks.6.mlp.c_proj.bias', 'backbone.language_backbone.encoder.transformer.resblocks.2.mlp.c_proj.bias', 'backbone.language_backbone.encoder.transformer.resblocks.10.mlp.c_proj.bias', 'backbone.language_backbone.encoder.transformer.resblocks.6.attn.in_proj_bias', 'backbone.language_backbone.encoder.transformer.resblocks.6.mlp.c_fc.bias', 'backbone.language_backbone.encoder.transformer.resblocks.17.ln_2.weight', 'backbone.language_backbone.encoder.transformer.resblocks.0.attn.out_proj.weight', 'backbone.language_backbone.encoder.transformer.resblocks.22.mlp.c_fc.bias', 'backbone.language_backbone.encoder.transformer.resblocks.7.mlp.c_fc.weight', 'backbone.language_backbone.encoder.transformer.resblocks.0.mlp.c_proj.weight', 'backbone.language_backbone.encoder.transformer.resblocks.23.ln_2.weight', 'backbone.language_backbone.encoder.transformer.resblocks.23.attn.in_proj_bias', 'backbone.language_backbone.encoder.transformer.resblocks.20.attn.out_proj.bias', 'backbone.language_backbone.encoder.transformer.resblocks.0.mlp.c_proj.bias', 'backbone.language_backbone.encoder.transformer.resblocks.11.attn.in_proj_weight', 'backbone.language_backbone.encoder.transformer.resblocks.18.ln_2.bias', 'backbone.language_backbone.encoder.transformer.resblocks.19.attn.out_proj.bias', 'backbone.language_backbone.encoder.transformer.resblocks.13.attn.out_proj.weight', 'backbone.language_backbone.encoder.transformer.resblocks.11.attn.out_proj.weight', 'backbone.language_backbone.encoder.transformer.resblocks.2.ln_2.bias', 'backbone.language_backbone.encoder.transformer.resblocks.4.attn.out_proj.weight', 'backbone.language_backbone.encoder.transformer.resblocks.20.attn.in_proj_weight', 'backbone.language_backbone.encoder.transformer.resblocks.23.ln_2.bias', 'backbone.language_backbone.encoder.transformer.resblocks.10.mlp.c_proj.weight', 'backbone.language_backbone.encoder.transformer.resblocks.3.mlp.c_proj.bias', 'backbone.language_backbone.encoder.transformer.resblocks.12.mlp.c_fc.weight', 'backbone.language_backbone.encoder.transformer.resblocks.15.mlp.c_fc.weight', 'backbone.language_backbone.encoder.transformer.resblocks.11.mlp.c_proj.weight', 'backbone.language_backbone.encoder.transformer.resblocks.12.ln_1.weight', 'backbone.language_backbone.encoder.transformer.resblocks.2.mlp.c_fc.bias', 'backbone.language_backbone.encoder.transformer.resblocks.15.attn.out_proj.weight', 'backbone.language_backbone.encoder.transformer.resblocks.21.attn.out_proj.weight', 'backbone.language_backbone.encoder.transformer.resblocks.14.attn.out_proj.weight', 'backbone.language_backbone.encoder.transformer.resblocks.18.mlp.c_fc.weight', 'backbone.language_backbone.encoder.transformer.resblocks.7.mlp.c_proj.weight', 'backbone.language_backbone.encoder.transformer.resblocks.16.ln_1.weight', 'backbone.language_backbone.encoder.transformer.resblocks.13.attn.in_proj_weight', 'backbone.language_backbone.encoder.transformer.resblocks.13.mlp.c_fc.weight', 'backbone.language_backbone.encoder.transformer.resblocks.12.ln_2.weight', 'backbone.language_backbone.encoder.transformer.resblocks.10.ln_2.weight', 'backbone.language_backbone.encoder.transformer.resblocks.12.ln_1.bias', 'backbone.language_backbone.encoder.transformer.resblocks.8.attn.in_proj_weight', 'backbone.language_backbone.encoder.transformer.resblocks.1.mlp.c_proj.bias', 'backbone.language_backbone.encoder.transformer.resblocks.20.ln_1.weight', 'backbone.language_backbone.encoder.transformer.resblocks.8.ln_2.weight', 'backbone.language_backbone.encoder.ln_final.bias', 'backbone.language_backbone.encoder.transformer.resblocks.15.mlp.c_proj.weight', 'backbone.language_backbone.encoder.transformer.resblocks.2.attn.out_proj.bias', 'backbone.language_backbone.encoder.transformer.resblocks.10.attn.in_proj_bias', 'backbone.language_backbone.encoder.transformer.resblocks.7.mlp.c_fc.bias', 'backbone.language_backbone.encoder.transformer.resblocks.12.mlp.c_proj.bias', 'backbone.language_backbone.encoder.transformer.resblocks.13.mlp.c_proj.bias', 'backbone.language_backbone.encoder.transformer.resblocks.7.attn.out_proj.bias', 'backbone.language_backbone.encoder.transformer.resblocks.11.attn.out_proj.bias', 'backbone.language_backbone.encoder.transformer.resblocks.7.ln_2.bias', 'backbone.language_backbone.encoder.transformer.resblocks.19.mlp.c_proj.weight', 'backbone.language_backbone.encoder.transformer.resblocks.4.mlp.c_proj.weight', 'backbone.language_backbone.encoder.transformer.resblocks.9.ln_1.weight', 'backbone.language_backbone.encoder.transformer.resblocks.6.ln_1.bias', 'backbone.language_backbone.encoder.transformer.resblocks.6.ln_2.weight', 'backbone.language_backbone.encoder.transformer.resblocks.7.ln_2.weight', 'backbone.language_backbone.encoder.transformer.resblocks.11.ln_1.weight', 'backbone.language_backbone.encoder.transformer.resblocks.16.attn.out_proj.weight', 'backbone.language_backbone.encoder.transformer.resblocks.23.mlp.c_proj.bias', 'backbone.language_backbone.encoder.transformer.resblocks.11.ln_2.bias', 'backbone.language_backbone.encoder.transformer.resblocks.9.attn.in_proj_weight', 'backbone.language_backbone.encoder.transformer.resblocks.14.ln_2.weight', 'backbone.language_backbone.encoder.transformer.resblocks.0.attn.in_proj_bias', 'backbone.language_backbone.encoder.transformer.resblocks.7.attn.in_proj_weight', 'backbone.language_backbone.encoder.transformer.resblocks.17.attn.in_proj_weight', 'backbone.language_backbone.encoder.transformer.resblocks.19.attn.in_proj_weight', 'backbone.language_backbone.encoder.transformer.resblocks.10.attn.in_proj_weight', 'backbone.language_backbone.encoder.transformer.resblocks.19.mlp.c_proj.bias', 'backbone.language_backbone.encoder.transformer.resblocks.23.attn.in_proj_weight', 'backbone.language_backbone.encoder.transformer.resblocks.18.attn.out_proj.bias', 'backbone.language_backbone.encoder.transformer.resblocks.9.mlp.c_proj.bias', 'backbone.language_backbone.encoder.transformer.resblocks.4.ln_1.bias', 'backbone.language_backbone.encoder.transformer.resblocks.5.ln_2.weight', 'backbone.language_backbone.encoder.transformer.resblocks.12.attn.out_proj.weight', 'backbone.language_backbone.encoder.transformer.resblocks.10.attn.out_proj.bias', 'backbone.language_backbone.encoder.transformer.resblocks.5.mlp.c_fc.bias', 'backbone.language_backbone.encoder.transformer.resblocks.8.mlp.c_proj.bias', 'backbone.language_backbone.encoder.transformer.resblocks.17.mlp.c_proj.bias', 'backbone.language_backbone.encoder.transformer.resblocks.14.ln_2.bias', 'backbone.language_backbone.encoder.transformer.resblocks.2.attn.out_proj.weight', 'backbone.language_backbone.encoder.transformer.resblocks.1.attn.out_proj.weight', 'backbone.language_backbone.encoder.transformer.resblocks.14.mlp.c_fc.weight', 'backbone.language_backbone.encoder.transformer.resblocks.17.attn.out_proj.bias', 'backbone.language_backbone.encoder.transformer.resblocks.3.ln_2.weight', 'backbone.language_backbone.encoder.transformer.resblocks.8.ln_1.bias', 'backbone.language_backbone.encoder.transformer.resblocks.1.attn.in_proj_bias', 'backbone.language_backbone.encoder.transformer.resblocks.10.ln_2.bias', 'backbone.language_backbone.encoder.transformer.resblocks.17.attn.out_proj.weight', 'backbone.language_backbone.encoder.transformer.resblocks.0.attn.out_proj.bias', 'backbone.language_backbone.encoder.transformer.resblocks.21.mlp.c_fc.weight', 'backbone.language_backbone.encoder.transformer.resblocks.8.attn.out_proj.bias', 'backbone.language_backbone.encoder.transformer.resblocks.2.mlp.c_fc.weight', 'backbone.language_backbone.encoder.transformer.resblocks.20.attn.in_proj_bias', 'backbone.language_backbone.encoder.transformer.resblocks.11.attn.in_proj_bias', 'backbone.language_backbone.encoder.transformer.resblocks.22.ln_1.weight', 'backbone.language_backbone.encoder.transformer.resblocks.21.ln_1.weight', 'backbone.language_backbone.encoder.transformer.resblocks.11.mlp.c_proj.bias', 'backbone.language_backbone.encoder.transformer.resblocks.1.ln_2.weight', 'backbone.language_backbone.encoder.transformer.resblocks.15.ln_1.weight', 'backbone.language_backbone.encoder.transformer.resblocks.17.ln_1.bias', 'backbone.language_backbone.encoder.transformer.resblocks.8.attn.out_proj.weight', 'backbone.language_backbone.encoder.transformer.resblocks.7.attn.out_proj.weight', 'backbone.language_backbone.resizer.bias', 'backbone.language_backbone.encoder.transformer.resblocks.18.attn.in_proj_weight', 'backbone.language_backbone.encoder.transformer.resblocks.13.ln_1.weight', 'backbone.language_backbone.encoder.transformer.resblocks.21.mlp.c_proj.weight', 'backbone.language_backbone.encoder.transformer.resblocks.2.ln_1.bias', 'backbone.language_backbone.encoder.transformer.resblocks.2.ln_2.weight', 'backbone.language_backbone.encoder.transformer.resblocks.4.mlp.c_proj.bias', 'backbone.language_backbone.encoder.transformer.resblocks.6.attn.out_proj.weight', 'backbone.language_backbone.encoder.transformer.resblocks.4.attn.in_proj_weight', 'backbone.language_backbone.encoder.transformer.resblocks.18.ln_1.weight', 'backbone.language_backbone.encoder.transformer.resblocks.13.ln_2.weight', 'backbone.language_backbone.encoder.transformer.resblocks.4.ln_2.weight', 'backbone.language_backbone.encoder.transformer.resblocks.23.mlp.c_fc.bias', 'backbone.language_backbone.encoder.transformer.resblocks.19.attn.in_proj_bias', 'backbone.language_backbone.encoder.transformer.resblocks.5.ln_1.bias', 'backbone.language_backbone.encoder.transformer.resblocks.22.attn.in_proj_weight', 'backbone.language_backbone.encoder.transformer.resblocks.15.ln_2.weight', 'backbone.language_backbone.encoder.transformer.resblocks.12.mlp.c_fc.bias', 'backbone.language_backbone.encoder.transformer.resblocks.17.attn.in_proj_bias', 'backbone.language_backbone.encoder.transformer.resblocks.18.attn.out_proj.weight', 'backbone.language_backbone.encoder.transformer.resblocks.3.ln_2.bias', 'backbone.language_backbone.encoder.transformer.resblocks.19.mlp.c_fc.weight', 'backbone.language_backbone.encoder.transformer.resblocks.0.ln_2.bias', 'backbone.language_backbone.encoder.transformer.resblocks.18.mlp.c_proj.bias', 'backbone.language_backbone.resizer.weight', 'backbone.language_backbone.encoder.transformer.resblocks.13.mlp.c_fc.bias', 'backbone.language_backbone.encoder.transformer.resblocks.16.attn.in_proj_weight', 'backbone.language_backbone.encoder.transformer.resblocks.19.ln_1.weight', 'backbone.language_backbone.encoder.transformer.resblocks.14.ln_1.weight', 'backbone.language_backbone.encoder.transformer.resblocks.5.ln_1.weight', 'backbone.language_backbone.encoder.transformer.resblocks.3.mlp.c_proj.weight', 'backbone.language_backbone.encoder.transformer.resblocks.11.mlp.c_fc.bias', 'backbone.language_backbone.encoder.transformer.resblocks.9.ln_2.weight', 'backbone.language_backbone.encoder.transformer.resblocks.1.mlp.c_fc.bias', 'backbone.language_backbone.encoder.transformer.resblocks.19.mlp.c_fc.bias', 'backbone.language_backbone.encoder.transformer.resblocks.8.attn.in_proj_bias', 'backbone.language_backbone.encoder.transformer.resblocks.15.ln_2.bias', 'backbone.language_backbone.encoder.transformer.resblocks.4.ln_1.weight', 'backbone.language_backbone.encoder.transformer.resblocks.9.ln_2.bias', 'backbone.language_backbone.encoder.transformer.resblocks.21.ln_2.bias', 'backbone.language_backbone.encoder.transformer.resblocks.12.attn.out_proj.bias', 'backbone.language_backbone.encoder.transformer.resblocks.7.ln_1.weight', 'backbone.language_backbone.encoder.transformer.resblocks.9.attn.out_proj.weight', 'backbone.language_backbone.encoder.transformer.resblocks.2.attn.in_proj_weight', 'backbone.language_backbone.encoder.transformer.resblocks.4.mlp.c_fc.weight', 'backbone.language_backbone.encoder.transformer.resblocks.17.mlp.c_fc.weight', 'backbone.language_backbone.encoder.transformer.resblocks.9.mlp.c_proj.weight', 'backbone.language_backbone.encoder.transformer.resblocks.7.mlp.c_proj.bias', 'backbone.language_backbone.encoder.transformer.resblocks.15.attn.out_proj.bias', 'backbone.language_backbone.encoder.transformer.resblocks.8.mlp.c_proj.weight', 'backbone.language_backbone.encoder.transformer.resblocks.14.attn.in_proj_bias', 'backbone.language_backbone.encoder.transformer.resblocks.21.attn.in_proj_weight', 'backbone.language_backbone.encoder.transformer.resblocks.11.mlp.c_fc.weight', 'backbone.language_backbone.encoder.ln_final.weight', 'backbone.language_backbone.encoder.transformer.resblocks.5.attn.in_proj_weight', 'backbone.language_backbone.encoder.transformer.resblocks.14.attn.out_proj.bias', 'backbone.language_backbone.encoder.transformer.resblocks.12.attn.in_proj_weight', 'backbone.language_backbone.encoder.positional_embedding', 'backbone.language_backbone.encoder.transformer.resblocks.10.mlp.c_fc.bias', 'backbone.language_backbone.encoder.transformer.resblocks.23.attn.out_proj.weight', 'backbone.language_backbone.encoder.transformer.resblocks.18.mlp.c_fc.bias', 'backbone.language_backbone.encoder.transformer.resblocks.6.mlp.c_proj.weight', 'backbone.language_backbone.encoder.transformer.resblocks.3.ln_1.bias', 'backbone.language_backbone.encoder.transformer.resblocks.3.ln_1.weight', 'backbone.language_backbone.encoder.transformer.resblocks.6.mlp.c_fc.weight', 'backbone.language_backbone.encoder.transformer.resblocks.14.mlp.c_fc.bias', 'backbone.language_backbone.encoder.transformer.resblocks.5.mlp.c_fc.weight', 'backbone.language_backbone.encoder.transformer.resblocks.1.ln_2.bias', 'backbone.language_backbone.encoder.transformer.resblocks.10.ln_1.bias', 'backbone.language_backbone.encoder.transformer.resblocks.15.mlp.c_proj.bias', 'backbone.language_backbone.encoder.transformer.resblocks.23.ln_1.weight', 'backbone.language_backbone.encoder.transformer.resblocks.16.attn.out_proj.bias', 'backbone.language_backbone.encoder.transformer.resblocks.17.mlp.c_proj.weight', 'backbone.language_backbone.encoder.transformer.resblocks.15.attn.in_proj_weight'}
INFO 2026-03-28 16:09:14,456 optimizer.py: 245: Matches for param_name [*bias*]: {'backbone.language_backbone.encoder.transformer.resblocks.4.attn.in_proj_bias', 'backbone.language_backbone.encoder.transformer.resblocks.8.ln_2.bias', 'transformer.decoder.layers.4.ca_text.in_proj_bias', 'backbone.language_backbone.encoder.transformer.resblocks.14.mlp.c_proj.bias', 'backbone.language_backbone.encoder.transformer.resblocks.7.attn.in_proj_bias', 'backbone.vision_backbone.trunk.blocks.18.norm2.bias', 'transformer.encoder.layers.4.cross_attn_image.in_proj_bias', 'backbone.vision_backbone.trunk.blocks.4.attn.qkv.bias', 'backbone.vision_backbone.trunk.blocks.4.mlp.fc1.bias', 'backbone.vision_backbone.trunk.blocks.31.attn.qkv.bias', 'transformer.decoder.layers.4.catext_norm.bias', 'backbone.language_backbone.encoder.transformer.resblocks.17.ln_2.bias', 'backbone.language_backbone.encoder.transformer.resblocks.16.ln_1.bias', 'backbone.vision_backbone.trunk.blocks.5.norm1.bias', 'segmentation_head.pixel_decoder.conv_layers.0.bias', 'segmentation_head.pixel_decoder.norms.0.bias', 'geometry_encoder.points_direct_project.bias', 'backbone.language_backbone.encoder.transformer.resblocks.12.attn.in_proj_bias', 'transformer.decoder.layers.1.self_attn.in_proj_bias', 'transformer.decoder.layers.0.catext_norm.bias', 'transformer.decoder.layers.2.self_attn.in_proj_bias', 'backbone.vision_backbone.trunk.blocks.21.mlp.fc2.bias', 'segmentation_head.pixel_decoder.norms.2.bias', 'backbone.vision_backbone.trunk.blocks.15.norm2.bias', 'transformer.decoder.layers.0.cross_attn.out_proj.bias', 'backbone.vision_backbone.trunk.blocks.2.attn.proj.bias', 'transformer.encoder.layers.0.linear1.bias', 'transformer.decoder.layers.1.cross_attn.out_proj.bias', 'backbone.language_backbone.encoder.transformer.resblocks.4.mlp.c_fc.bias', 'transformer.encoder.layers.3.self_attn.out_proj.bias', 'backbone.language_backbone.encoder.transformer.resblocks.19.ln_2.bias', 'backbone.language_backbone.encoder.transformer.resblocks.22.attn.in_proj_bias', 'backbone.language_backbone.encoder.transformer.resblocks.16.ln_2.bias', 'backbone.language_backbone.encoder.transformer.resblocks.20.mlp.c_proj.bias', 'backbone.vision_backbone.trunk.blocks.16.attn.qkv.bias', 'transformer.decoder.layers.4.cross_attn.out_proj.bias', 'transformer.decoder.ref_point_head.layers.1.bias', 'transformer.decoder.layers.4.norm2.bias', 'backbone.vision_backbone.trunk.blocks.10.norm1.bias', 'backbone.vision_backbone.convs.0.conv_1x1.bias', 'transformer.encoder.layers.2.self_attn.out_proj.bias', 'backbone.vision_backbone.trunk.blocks.19.attn.proj.bias', 'backbone.language_backbone.encoder.transformer.resblocks.21.mlp.c_proj.bias', 'backbone.vision_backbone.trunk.blocks.22.norm1.bias', 'transformer.decoder.layers.2.norm2.bias', 'backbone.vision_backbone.trunk.blocks.7.norm1.bias', 'backbone.vision_backbone.trunk.blocks.0.attn.proj.bias', 'backbone.language_backbone.encoder.transformer.resblocks.16.attn.in_proj_bias', 'backbone.vision_backbone.trunk.blocks.24.attn.proj.bias', 'backbone.language_backbone.encoder.transformer.resblocks.22.ln_1.bias', 'backbone.vision_backbone.trunk.blocks.14.attn.proj.bias', 'backbone.vision_backbone.trunk.blocks.27.norm1.bias', 'backbone.vision_backbone.trunk.blocks.5.norm2.bias', 'backbone.language_backbone.encoder.transformer.resblocks.2.mlp.c_proj.bias', 'backbone.vision_backbone.trunk.ln_pre.bias', 'backbone.vision_backbone.trunk.blocks.22.attn.qkv.bias', 'transformer.encoder.layers.1.cross_attn_image.out_proj.bias', 'transformer.encoder.layers.3.self_attn.in_proj_bias', 'transformer.decoder.layers.2.linear1.bias', 'backbone.language_backbone.encoder.transformer.resblocks.0.mlp.c_proj.bias', 'backbone.vision_backbone.trunk.blocks.28.norm2.bias', 'segmentation_head.cross_attn_norm.bias', 'backbone.vision_backbone.trunk.blocks.9.attn.proj.bias', 'backbone.language_backbone.encoder.transformer.resblocks.23.ln_2.bias', 'transformer.encoder.layers.0.cross_attn_image.out_proj.bias', 'backbone.vision_backbone.trunk.blocks.3.attn.proj.bias', 'transformer.decoder.layers.1.norm2.bias', 'backbone.language_backbone.encoder.transformer.resblocks.10.attn.in_proj_bias', 'backbone.language_backbone.encoder.transformer.resblocks.12.mlp.c_proj.bias', 'segmentation_head.mask_predictor.mask_embed.layers.0.bias', 'transformer.decoder.layers.3.linear1.bias', 'transformer.decoder.layers.4.ca_text.out_proj.bias', 'backbone.language_backbone.encoder.transformer.resblocks.7.attn.out_proj.bias', 'backbone.language_backbone.encoder.transformer.resblocks.11.attn.out_proj.bias', 'geometry_encoder.encode.0.self_attn.in_proj_bias', 'geometry_encoder.encode.2.cross_attn_image.in_proj_bias', 'backbone.vision_backbone.trunk.blocks.0.norm1.bias', 'backbone.vision_backbone.trunk.blocks.3.norm1.bias', 'backbone.language_backbone.encoder.transformer.resblocks.11.ln_2.bias', 'backbone.language_backbone.encoder.transformer.resblocks.19.mlp.c_proj.bias', 'backbone.language_backbone.encoder.transformer.resblocks.9.mlp.c_proj.bias', 'transformer.encoder.layers.5.norm3.bias', 'backbone.vision_backbone.trunk.blocks.4.norm2.bias', 'backbone.vision_backbone.trunk.blocks.29.attn.qkv.bias', 'backbone.vision_backbone.trunk.blocks.4.mlp.fc2.bias', 'backbone.language_backbone.encoder.transformer.resblocks.1.attn.in_proj_bias', 'transformer.decoder.layers.5.norm1.bias', 'backbone.language_backbone.encoder.transformer.resblocks.8.attn.out_proj.bias', 'backbone.language_backbone.encoder.transformer.resblocks.11.mlp.c_proj.bias', 'geometry_encoder.encode.0.norm3.bias', 'backbone.vision_backbone.trunk.blocks.26.norm2.bias', 'segmentation_head.pixel_decoder.norms.1.bias', 'backbone.language_backbone.encoder.transformer.resblocks.4.mlp.c_proj.bias', 'geometry_encoder.encode.2.norm2.bias', 'backbone.vision_backbone.trunk.blocks.12.attn.qkv.bias', 'segmentation_head.mask_predictor.mask_embed.layers.2.bias', 'backbone.vision_backbone.trunk.blocks.2.attn.qkv.bias', 'backbone.vision_backbone.trunk.blocks.3.mlp.fc2.bias', 'transformer.decoder.bbox_embed.layers.1.bias', 'transformer.encoder.layers.4.linear2.bias', 'transformer.decoder.layers.5.cross_attn.in_proj_bias', 'transformer.encoder.layers.1.norm1.bias', 'backbone.vision_backbone.trunk.blocks.9.mlp.fc2.bias', 'backbone.vision_backbone.trunk.blocks.11.attn.qkv.bias', 'transformer.decoder.presence_token_out_norm.bias', 'backbone.vision_backbone.trunk.blocks.11.norm1.bias', 'geometry_encoder.encode.1.self_attn.out_proj.bias', 'backbone.vision_backbone.trunk.blocks.20.attn.qkv.bias', 'backbone.vision_backbone.trunk.blocks.27.attn.proj.bias', 'transformer.encoder.layers.4.cross_attn_image.out_proj.bias', 'transformer.encoder.layers.5.linear2.bias', 'backbone.vision_backbone.trunk.blocks.2.norm1.bias', 'transformer.decoder.layers.2.linear2.bias', 'backbone.vision_backbone.trunk.blocks.8.norm2.bias', 'backbone.language_backbone.encoder.transformer.resblocks.10.mlp.c_fc.bias', 'backbone.vision_backbone.trunk.blocks.15.norm1.bias', 'backbone.vision_backbone.trunk.blocks.27.mlp.fc1.bias', 'backbone.language_backbone.encoder.transformer.resblocks.10.ln_1.bias', 'backbone.language_backbone.encoder.transformer.resblocks.1.ln_2.bias', 'backbone.language_backbone.encoder.transformer.resblocks.15.mlp.c_proj.bias', 'transformer.encoder.layers.4.norm3.bias', 'backbone.language_backbone.encoder.transformer.resblocks.16.attn.out_proj.bias', 'backbone.vision_backbone.trunk.blocks.31.norm1.bias', 'segmentation_head.mask_predictor.mask_embed.layers.1.bias', 'backbone.vision_backbone.convs.0.dconv_2x2_0.bias', 'backbone.vision_backbone.trunk.blocks.30.attn.proj.bias', 'backbone.language_backbone.encoder.transformer.resblocks.17.mlp.c_fc.bias', 'transformer.decoder.layers.2.norm3.bias', 'transformer.decoder.layers.5.norm3.bias', 'backbone.vision_backbone.trunk.blocks.6.mlp.fc1.bias', 'backbone.vision_backbone.trunk.blocks.0.mlp.fc2.bias', 'transformer.encoder.layers.3.norm2.bias', 'transformer.decoder.layers.0.self_attn.out_proj.bias', 'transformer.encoder.layers.5.self_attn.in_proj_bias', 'backbone.language_backbone.encoder.transformer.resblocks.3.mlp.c_fc.bias', 'backbone.language_backbone.encoder.transformer.resblocks.18.attn.in_proj_bias', 'transformer.decoder.layers.0.linear2.bias', 'backbone.vision_backbone.trunk.blocks.19.mlp.fc1.bias', 'backbone.language_backbone.encoder.transformer.resblocks.21.attn.out_proj.bias', 'backbone.language_backbone.encoder.transformer.resblocks.23.ln_1.bias', 'geometry_encoder.encode.1.norm2.bias', 'transformer.decoder.boxRPB_embed_y.layers.0.bias', 'transformer.encoder.layers.2.linear2.bias', 'geometry_encoder.boxes_pos_enc_project.bias', 'backbone.language_backbone.encoder.transformer.resblocks.9.attn.out_proj.bias', 'backbone.language_backbone.encoder.transformer.resblocks.4.ln_2.bias', 'backbone.language_backbone.encoder.transformer.resblocks.20.mlp.c_fc.bias', 'transformer.decoder.layers.5.norm2.bias', 'backbone.vision_backbone.trunk.blocks.15.mlp.fc1.bias', 'backbone.vision_backbone.trunk.blocks.24.norm1.bias', 'backbone.vision_backbone.trunk.blocks.31.norm2.bias', 'backbone.language_backbone.encoder.transformer.resblocks.20.ln_1.bias', 'backbone.vision_backbone.trunk.blocks.22.attn.proj.bias', 'backbone.vision_backbone.trunk.blocks.16.norm1.bias', 'backbone.language_backbone.encoder.transformer.resblocks.3.attn.out_proj.bias', 'transformer.decoder.layers.5.linear2.bias', 'backbone.vision_backbone.trunk.blocks.14.norm1.bias', 'backbone.language_backbone.encoder.transformer.resblocks.3.attn.in_proj_bias', 'backbone.language_backbone.encoder.transformer.resblocks.22.ln_2.bias', 'transformer.decoder.layers.2.ca_text.out_proj.bias', 'backbone.vision_backbone.trunk.blocks.25.mlp.fc2.bias', 'backbone.language_backbone.encoder.transformer.resblocks.5.attn.in_proj_bias', 'transformer.decoder.presence_token_head.layers.1.bias', 'transformer.decoder.layers.3.norm3.bias', 'backbone.language_backbone.encoder.transformer.resblocks.5.attn.out_proj.bias', 'transformer.encoder.layers.2.self_attn.in_proj_bias', 'transformer.decoder.layers.0.linear1.bias', 'backbone.vision_backbone.trunk.blocks.29.mlp.fc1.bias', 'backbone.vision_backbone.trunk.blocks.26.attn.proj.bias', 'backbone.vision_backbone.trunk.blocks.15.attn.qkv.bias', 'transformer.encoder.layers.0.cross_attn_image.in_proj_bias', 'backbone.vision_backbone.trunk.blocks.16.mlp.fc2.bias', 'transformer.decoder.layers.1.catext_norm.bias', 'backbone.language_backbone.encoder.transformer.resblocks.11.ln_1.bias', 'backbone.language_backbone.encoder.transformer.resblocks.5.ln_2.bias', 'backbone.language_backbone.encoder.transformer.resblocks.6.attn.out_proj.bias', 'backbone.language_backbone.encoder.transformer.resblocks.16.mlp.c_proj.bias', 'transformer.decoder.bbox_embed.layers.0.bias', 'backbone.vision_backbone.trunk.blocks.24.mlp.fc1.bias', 'backbone.vision_backbone.trunk.blocks.29.attn.proj.bias', 'backbone.language_backbone.encoder.transformer.resblocks.6.mlp.c_proj.bias', 'transformer.decoder.layers.1.linear1.bias', 'geometry_encoder.encode_norm.bias', 'backbone.vision_backbone.trunk.blocks.26.attn.qkv.bias', 'transformer.decoder.presence_token_head.layers.0.bias', 'dot_prod_scoring.hs_proj.bias', 'backbone.vision_backbone.trunk.blocks.9.norm1.bias', 'dot_prod_scoring.prompt_mlp.layers.0.bias', 'backbone.vision_backbone.trunk.blocks.10.mlp.fc1.bias', 'backbone.vision_backbone.trunk.blocks.9.mlp.fc1.bias', 'transformer.decoder.layers.4.self_attn.in_proj_bias', 'backbone.vision_backbone.trunk.blocks.13.attn.qkv.bias', 'backbone.vision_backbone.trunk.blocks.7.attn.proj.bias', 'backbone.vision_backbone.trunk.blocks.28.mlp.fc1.bias', 'backbone.vision_backbone.trunk.blocks.13.mlp.fc1.bias', 'backbone.vision_backbone.trunk.blocks.13.norm1.bias', 'geometry_encoder.encode.1.self_attn.in_proj_bias', 'backbone.language_backbone.encoder.transformer.resblocks.3.mlp.c_proj.bias', 'backbone.vision_backbone.trunk.blocks.18.norm1.bias', 'transformer.decoder.layers.0.norm1.bias', 'backbone.language_backbone.encoder.transformer.resblocks.12.ln_1.bias', 'segmentation_head.instance_seg_head.bias', 'backbone.language_backbone.encoder.ln_final.bias', 'backbone.vision_backbone.trunk.blocks.19.norm1.bias', 'transformer.decoder.bbox_embed.layers.2.bias', 'backbone.vision_backbone.trunk.blocks.6.attn.proj.bias', 'transformer.decoder.layers.3.linear2.bias', 'backbone.language_backbone.encoder.transformer.resblocks.7.ln_2.bias', 'backbone.vision_backbone.trunk.blocks.25.attn.qkv.bias', 'backbone.vision_backbone.convs.0.dconv_2x2_1.bias', 'geometry_encoder.encode.0.cross_attn_image.out_proj.bias', 'transformer.decoder.layers.4.norm1.bias', 'backbone.vision_backbone.trunk.blocks.26.norm1.bias', 'transformer.decoder.layers.1.ca_text.in_proj_bias', 'transformer.decoder.layers.0.self_attn.in_proj_bias', 'backbone.vision_backbone.trunk.blocks.25.attn.proj.bias', 'geometry_encoder.encode.0.self_attn.out_proj.bias', 'backbone.language_backbone.encoder.transformer.resblocks.18.attn.out_proj.bias', 'backbone.vision_backbone.trunk.blocks.11.mlp.fc2.bias', 'backbone.language_backbone.encoder.transformer.resblocks.5.mlp.c_fc.bias', 'backbone.language_backbone.encoder.transformer.resblocks.17.mlp.c_proj.bias', 'backbone.vision_backbone.trunk.blocks.1.norm1.bias', 'backbone.language_backbone.encoder.transformer.resblocks.14.ln_2.bias', 'backbone.vision_backbone.trunk.blocks.30.mlp.fc1.bias', 'backbone.vision_backbone.trunk.blocks.5.attn.proj.bias', 'backbone.language_backbone.encoder.transformer.resblocks.17.attn.out_proj.bias', 'backbone.vision_backbone.trunk.blocks.1.norm2.bias', 'transformer.decoder.layers.1.ca_text.out_proj.bias', 'backbone.vision_backbone.trunk.blocks.28.norm1.bias', 'transformer.encoder.layers.4.norm2.bias', 'geometry_encoder.img_pre_norm.bias', 'backbone.language_backbone.encoder.transformer.resblocks.17.ln_1.bias', 'backbone.vision_backbone.trunk.blocks.31.mlp.fc1.bias', 'backbone.vision_backbone.trunk.blocks.2.mlp.fc2.bias', 'backbone.vision_backbone.trunk.blocks.30.norm2.bias', 'segmentation_head.semantic_seg_head.bias', 'backbone.language_backbone.encoder.transformer.resblocks.5.ln_1.bias', 'backbone.language_backbone.encoder.transformer.resblocks.12.mlp.c_fc.bias', 'backbone.language_backbone.encoder.transformer.resblocks.0.ln_2.bias', 'transformer.decoder.layers.1.self_attn.out_proj.bias', 'backbone.vision_backbone.trunk.blocks.24.attn.qkv.bias', 'backbone.vision_backbone.trunk.blocks.3.norm2.bias', 'backbone.vision_backbone.trunk.blocks.18.mlp.fc1.bias', 'backbone.vision_backbone.trunk.blocks.2.mlp.fc1.bias', 'backbone.language_backbone.encoder.transformer.resblocks.8.attn.in_proj_bias', 'backbone.language_backbone.encoder.transformer.resblocks.15.ln_2.bias', 'backbone.vision_backbone.trunk.blocks.11.norm2.bias', 'geometry_encoder.encode.2.cross_attn_image.out_proj.bias', 'backbone.vision_backbone.trunk.blocks.25.mlp.fc1.bias', 'backbone.vision_backbone.trunk.blocks.20.mlp.fc1.bias', 'transformer.decoder.layers.0.ca_text.out_proj.bias', 'backbone.vision_backbone.trunk.blocks.21.norm2.bias', 'backbone.language_backbone.encoder.transformer.resblocks.7.mlp.c_proj.bias', 'backbone.vision_backbone.trunk.blocks.5.attn.qkv.bias', 'backbone.vision_backbone.convs.1.conv_1x1.bias', 'backbone.language_backbone.encoder.transformer.resblocks.14.attn.out_proj.bias', 'backbone.vision_backbone.trunk.blocks.29.mlp.fc2.bias', 'backbone.vision_backbone.trunk.blocks.30.norm1.bias', 'backbone.vision_backbone.trunk.blocks.5.mlp.fc2.bias', 'transformer.encoder.layers.4.self_attn.out_proj.bias', 'backbone.language_backbone.encoder.transformer.resblocks.18.mlp.c_fc.bias', 'backbone.vision_backbone.trunk.blocks.22.mlp.fc2.bias', 'backbone.vision_backbone.convs.3.conv_1x1.bias', 'backbone.vision_backbone.trunk.blocks.6.attn.qkv.bias', 'geometry_encoder.encode.2.self_attn.in_proj_bias', 'geometry_encoder.encode.0.norm1.bias', 'geometry_encoder.encode.2.norm1.bias', 'backbone.vision_backbone.convs.2.conv_1x1.bias', 'backbone.vision_backbone.trunk.blocks.4.norm1.bias', 'backbone.vision_backbone.trunk.blocks.24.mlp.fc2.bias', 'dot_prod_scoring.prompt_mlp.out_norm.bias', 'transformer.decoder.layers.5.ca_text.out_proj.bias', 'backbone.vision_backbone.trunk.blocks.5.mlp.fc1.bias', 'backbone.vision_backbone.trunk.blocks.15.attn.proj.bias', 'backbone.vision_backbone.trunk.blocks.6.norm2.bias', 'backbone.language_backbone.encoder.transformer.resblocks.4.attn.out_proj.bias', 'transformer.encoder.layers.2.linear1.bias', 'transformer.decoder.layers.3.norm2.bias', 'backbone.language_backbone.encoder.transformer.resblocks.12.ln_2.bias', 'backbone.language_backbone.encoder.transformer.resblocks.13.ln_1.bias', 'backbone.language_backbone.encoder.transformer.resblocks.2.attn.in_proj_bias', 'backbone.vision_backbone.convs.1.conv_3x3.bias', 'transformer.decoder.layers.3.self_attn.out_proj.bias', 'transformer.encoder.layers.4.self_attn.in_proj_bias', 'backbone.vision_backbone.convs.0.conv_3x3.bias', 'backbone.language_backbone.encoder.transformer.resblocks.9.ln_1.bias', 'transformer.decoder.layers.2.norm1.bias', 'backbone.vision_backbone.trunk.blocks.14.mlp.fc1.bias', 'geometry_encoder.norm.bias', 'backbone.vision_backbone.trunk.blocks.12.norm2.bias', 'transformer.decoder.layers.0.norm3.bias', 'geometry_encoder.encode.2.linear1.bias', 'backbone.vision_backbone.trunk.blocks.18.attn.qkv.bias', 'backbone.language_backbone.encoder.transformer.resblocks.9.attn.in_proj_bias', 'transformer.encoder.layers.3.norm3.bias', 'backbone.language_backbone.encoder.transformer.resblocks.18.ln_1.bias', 'backbone.vision_backbone.trunk.blocks.28.mlp.fc2.bias', 'geometry_encoder.encode.2.self_attn.out_proj.bias', 'backbone.language_backbone.encoder.transformer.resblocks.20.ln_2.bias', 'transformer.decoder.layers.1.cross_attn.in_proj_bias', 'transformer.encoder.layers.1.cross_attn_image.in_proj_bias', 'transformer.decoder.layers.0.ca_text.in_proj_bias', 'transformer.decoder.layers.4.norm3.bias', 'backbone.vision_backbone.trunk.blocks.23.attn.proj.bias', 'backbone.vision_backbone.trunk.blocks.23.norm2.bias', 'backbone.language_backbone.encoder.transformer.resblocks.15.mlp.c_fc.bias', 'backbone.language_backbone.encoder.transformer.resblocks.21.mlp.c_fc.bias', 'backbone.language_backbone.encoder.transformer.resblocks.21.attn.in_proj_bias', 'backbone.language_backbone.encoder.transformer.resblocks.8.mlp.c_fc.bias', 'backbone.language_backbone.encoder.transformer.resblocks.19.ln_1.bias', 'backbone.vision_backbone.trunk.blocks.0.attn.qkv.bias', 'backbone.vision_backbone.trunk.blocks.21.norm1.bias', 'backbone.vision_backbone.trunk.blocks.23.mlp.fc2.bias', 'backbone.vision_backbone.trunk.blocks.22.mlp.fc1.bias', 'backbone.vision_backbone.trunk.blocks.8.attn.qkv.bias', 'backbone.vision_backbone.trunk.blocks.8.norm1.bias', 'backbone.language_backbone.encoder.transformer.resblocks.13.attn.out_proj.bias', 'geometry_encoder.encode.2.norm3.bias', 'geometry_encoder.boxes_direct_project.bias', 'transformer.encoder.layers.4.norm1.bias', 'backbone.language_backbone.encoder.transformer.resblocks.1.attn.out_proj.bias', 'transformer.decoder.layers.4.self_attn.out_proj.bias', 'backbone.language_backbone.encoder.transformer.resblocks.15.attn.in_proj_bias', 'transformer.encoder.layers.1.linear2.bias', 'backbone.vision_backbone.trunk.blocks.9.norm2.bias', 'backbone.vision_backbone.trunk.blocks.11.attn.proj.bias', 'geometry_encoder.encode.1.norm1.bias', 'backbone.vision_backbone.trunk.blocks.9.attn.qkv.bias', 'backbone.language_backbone.encoder.transformer.resblocks.22.attn.out_proj.bias', 'backbone.language_backbone.encoder.transformer.resblocks.6.ln_2.bias', 'transformer.decoder.layers.3.norm1.bias', 'transformer.encoder.layers.0.norm1.bias', 'transformer.encoder.layers.5.linear1.bias', 'transformer.decoder.layers.3.self_attn.in_proj_bias', 'backbone.language_backbone.encoder.transformer.resblocks.10.mlp.c_proj.bias', 'backbone.language_backbone.encoder.transformer.resblocks.6.mlp.c_fc.bias', 'backbone.vision_backbone.trunk.blocks.6.norm1.bias', 'backbone.vision_backbone.trunk.blocks.25.norm2.bias', 'segmentation_head.pixel_decoder.conv_layers.2.bias', 'backbone.language_backbone.encoder.transformer.resblocks.23.attn.in_proj_bias', 'backbone.vision_backbone.trunk.blocks.1.attn.proj.bias', 'backbone.vision_backbone.trunk.blocks.29.norm2.bias', 'backbone.vision_backbone.trunk.blocks.17.mlp.fc1.bias', 'backbone.language_backbone.encoder.transformer.resblocks.19.attn.out_proj.bias', 'transformer.decoder.layers.0.cross_attn.in_proj_bias', 'transformer.encoder.layers.0.self_attn.out_proj.bias', 'backbone.vision_backbone.trunk.blocks.7.mlp.fc1.bias', 'backbone.language_backbone.encoder.transformer.resblocks.2.mlp.c_fc.bias', 'backbone.vision_backbone.trunk.blocks.17.attn.proj.bias', 'backbone.vision_backbone.trunk.blocks.17.norm2.bias', 'transformer.encoder.layers.0.self_attn.in_proj_bias', 'transformer.decoder.layers.5.cross_attn.out_proj.bias', 'backbone.language_backbone.encoder.transformer.resblocks.2.attn.out_proj.bias', 'dot_prod_scoring.prompt_proj.bias', 'transformer.decoder.layers.4.cross_attn.in_proj_bias', 'transformer.encoder.layers.5.norm2.bias', 'transformer.encoder.layers.1.norm2.bias', 'segmentation_head.cross_attend_prompt.in_proj_bias', 'backbone.vision_backbone.trunk.blocks.11.mlp.fc1.bias', 'transformer.decoder.layers.2.cross_attn.out_proj.bias', 'backbone.vision_backbone.trunk.blocks.16.norm2.bias', 'geometry_encoder.encode.0.norm2.bias', 'backbone.vision_backbone.trunk.blocks.31.mlp.fc2.bias', 'backbone.vision_backbone.trunk.blocks.25.norm1.bias', 'backbone.language_backbone.encoder.transformer.resblocks.4.ln_1.bias', 'transformer.encoder.layers.4.linear1.bias', 'backbone.vision_backbone.convs.2.conv_3x3.bias', 'backbone.language_backbone.encoder.transformer.resblocks.10.attn.out_proj.bias', 'transformer.decoder.layers.3.cross_attn.in_proj_bias', 'transformer.decoder.boxRPB_embed_x.layers.0.bias', 'backbone.language_backbone.encoder.transformer.resblocks.8.mlp.c_proj.bias', 'transformer.encoder.layers.2.norm2.bias', 'backbone.vision_backbone.trunk.blocks.18.mlp.fc2.bias', 'backbone.vision_backbone.trunk.blocks.1.mlp.fc2.bias', 'backbone.vision_backbone.trunk.blocks.7.mlp.fc2.bias', 'backbone.vision_backbone.trunk.blocks.29.norm1.bias', 'backbone.language_backbone.encoder.transformer.resblocks.10.ln_2.bias', 'geometry_encoder.points_pool_project.bias', 'backbone.vision_backbone.trunk.blocks.13.attn.proj.bias', 'backbone.language_backbone.encoder.transformer.resblocks.11.attn.in_proj_bias', 'transformer.decoder.boxRPB_embed_y.layers.1.bias', 'transformer.encoder.layers.3.cross_attn_image.out_proj.bias', 'backbone.language_backbone.resizer.bias', 'geometry_encoder.boxes_pool_project.bias', 'backbone.language_backbone.encoder.transformer.resblocks.23.mlp.c_fc.bias', 'backbone.vision_backbone.trunk.blocks.27.mlp.fc2.bias', 'geometry_encoder.encode.0.cross_attn_image.in_proj_bias', 'backbone.vision_backbone.trunk.blocks.22.norm2.bias', 'transformer.decoder.presence_token_head.layers.2.bias', 'backbone.language_backbone.encoder.transformer.resblocks.17.attn.in_proj_bias', 'transformer.encoder.layers.0.linear2.bias', 'backbone.language_backbone.encoder.transformer.resblocks.18.mlp.c_proj.bias', 'backbone.vision_backbone.trunk.blocks.8.attn.proj.bias', 'backbone.vision_backbone.trunk.blocks.17.mlp.fc2.bias', 'backbone.language_backbone.encoder.transformer.resblocks.13.mlp.c_fc.bias', 'transformer.decoder.layers.3.cross_attn.out_proj.bias', 'backbone.language_backbone.encoder.transformer.resblocks.1.mlp.c_fc.bias', 'backbone.language_backbone.encoder.transformer.resblocks.19.mlp.c_fc.bias', 'backbone.language_backbone.encoder.transformer.resblocks.9.ln_2.bias', 'backbone.language_backbone.encoder.transformer.resblocks.21.ln_2.bias', 'backbone.language_backbone.encoder.transformer.resblocks.12.attn.out_proj.bias', 'geometry_encoder.encode.0.linear1.bias', 'backbone.vision_backbone.trunk.blocks.24.norm2.bias', 'backbone.language_backbone.encoder.transformer.resblocks.14.attn.in_proj_bias', 'backbone.vision_backbone.trunk.blocks.19.mlp.fc2.bias', 'transformer.encoder.layers.5.norm1.bias', 'segmentation_head.cross_attend_prompt.out_proj.bias', 'backbone.vision_backbone.trunk.blocks.0.norm2.bias', 'backbone.language_backbone.encoder.transformer.resblocks.14.mlp.c_fc.bias', 'transformer.decoder.layers.2.self_attn.out_proj.bias', 'backbone.vision_backbone.trunk.blocks.17.attn.qkv.bias', 'backbone.vision_backbone.trunk.blocks.10.attn.qkv.bias', 'backbone.language_backbone.encoder.transformer.resblocks.0.ln_1.bias', 'backbone.language_backbone.encoder.transformer.resblocks.15.ln_1.bias', 'backbone.language_backbone.encoder.transformer.resblocks.22.mlp.c_proj.bias', 'backbone.vision_backbone.trunk.blocks.8.mlp.fc2.bias', 'backbone.language_backbone.encoder.transformer.resblocks.14.ln_1.bias', 'transformer.encoder.layers.0.norm2.bias', 'transformer.encoder.layers.2.norm1.bias', 'backbone.language_backbone.encoder.transformer.resblocks.9.mlp.c_fc.bias', 'backbone.vision_backbone.trunk.blocks.28.attn.proj.bias', 'geometry_encoder.points_pos_enc_project.bias', 'dot_prod_scoring.prompt_mlp.layers.1.bias', 'transformer.decoder.layers.3.catext_norm.bias', 'geometry_encoder.encode.1.cross_attn_image.in_proj_bias', 'backbone.language_backbone.encoder.transformer.resblocks.13.attn.in_proj_bias', 'transformer.decoder.layers.1.norm3.bias', 'transformer.decoder.layers.5.catext_norm.bias', 'backbone.vision_backbone.trunk.blocks.26.mlp.fc2.bias', 'backbone.vision_backbone.trunk.blocks.17.norm1.bias', 'backbone.vision_backbone.trunk.blocks.1.attn.qkv.bias', 'backbone.language_backbone.encoder.transformer.resblocks.13.ln_2.bias', 'backbone.language_backbone.encoder.transformer.resblocks.21.ln_1.bias', 'backbone.language_backbone.encoder.transformer.resblocks.23.attn.out_proj.bias', 'backbone.vision_backbone.trunk.blocks.2.norm2.bias', 'geometry_encoder.encode.2.linear2.bias', 'transformer.encoder.layers.5.self_attn.out_proj.bias', 'transformer.decoder.layers.5.self_attn.in_proj_bias', 'backbone.vision_backbone.trunk.blocks.26.mlp.fc1.bias', 'backbone.vision_backbone.trunk.blocks.7.attn.qkv.bias', 'transformer.decoder.layers.3.ca_text.out_proj.bias', 'geometry_encoder.final_proj.bias', 'backbone.language_backbone.encoder.transformer.resblocks.5.mlp.c_proj.bias', 'backbone.vision_backbone.convs.3.conv_3x3.bias', 'backbone.vision_backbone.trunk.blocks.30.mlp.fc2.bias', 'backbone.vision_backbone.trunk.blocks.3.mlp.fc1.bias', 'backbone.vision_backbone.trunk.blocks.14.attn.qkv.bias', 'backbone.vision_backbone.trunk.blocks.10.attn.proj.bias', 'backbone.vision_backbone.trunk.blocks.27.attn.qkv.bias', 'transformer.encoder.layers.5.cross_attn_image.out_proj.bias', 'backbone.vision_backbone.trunk.blocks.19.norm2.bias', 'backbone.vision_backbone.trunk.blocks.7.norm2.bias', 'transformer.encoder.layers.1.norm3.bias', 'backbone.language_backbone.encoder.transformer.resblocks.0.mlp.c_fc.bias', 'backbone.language_backbone.encoder.transformer.resblocks.1.ln_1.bias', 'backbone.vision_backbone.trunk.blocks.30.attn.qkv.bias', 'backbone.language_backbone.encoder.transformer.resblocks.16.mlp.c_fc.bias', 'backbone.vision_backbone.trunk.blocks.20.norm2.bias', 'backbone.language_backbone.encoder.transformer.resblocks.7.ln_1.bias', 'backbone.vision_backbone.trunk.blocks.12.mlp.fc1.bias', 'transformer.decoder.layers.5.self_attn.out_proj.bias', 'transformer.encoder.layers.1.self_attn.out_proj.bias', 'backbone.vision_backbone.trunk.blocks.6.mlp.fc2.bias', 'backbone.language_backbone.encoder.transformer.resblocks.6.attn.in_proj_bias', 'transformer.decoder.layers.2.ca_text.in_proj_bias', 'backbone.vision_backbone.trunk.blocks.31.attn.proj.bias', 'backbone.language_backbone.encoder.transformer.resblocks.22.mlp.c_fc.bias', 'backbone.vision_backbone.trunk.blocks.12.mlp.fc2.bias', 'transformer.encoder.layers.3.linear1.bias', 'transformer.encoder.layers.5.cross_attn_image.in_proj_bias', 'backbone.language_backbone.encoder.transformer.resblocks.20.attn.out_proj.bias', 'backbone.language_backbone.encoder.transformer.resblocks.18.ln_2.bias', 'geometry_encoder.encode.1.linear1.bias', 'backbone.language_backbone.encoder.transformer.resblocks.2.ln_2.bias', 'geometry_encoder.encode.0.linear2.bias', 'backbone.vision_backbone.trunk.blocks.1.mlp.fc1.bias', 'backbone.vision_backbone.trunk.blocks.4.attn.proj.bias', 'transformer.decoder.layers.5.linear1.bias', 'transformer.encoder.layers.2.cross_attn_image.in_proj_bias', 'transformer.decoder.layers.5.ca_text.in_proj_bias', 'transformer.decoder.ref_point_head.layers.0.bias', 'backbone.vision_backbone.trunk.blocks.16.mlp.fc1.bias', 'backbone.language_backbone.encoder.transformer.resblocks.1.mlp.c_proj.bias', 'backbone.vision_backbone.trunk.blocks.21.mlp.fc1.bias', 'backbone.vision_backbone.trunk.blocks.14.norm2.bias', 'backbone.language_backbone.encoder.transformer.resblocks.7.mlp.c_fc.bias', 'backbone.vision_backbone.trunk.blocks.20.attn.proj.bias', 'backbone.vision_backbone.trunk.blocks.21.attn.qkv.bias', 'backbone.language_backbone.encoder.transformer.resblocks.13.mlp.c_proj.bias', 'backbone.language_backbone.encoder.transformer.resblocks.6.ln_1.bias', 'backbone.vision_backbone.trunk.blocks.15.mlp.fc2.bias', 'backbone.vision_backbone.trunk.blocks.28.attn.qkv.bias', 'transformer.encoder.layers.2.cross_attn_image.out_proj.bias', 'transformer.decoder.layers.2.catext_norm.bias', 'backbone.vision_backbone.trunk.blocks.18.attn.proj.bias', 'backbone.vision_backbone.convs.1.dconv_2x2.bias', 'backbone.vision_backbone.trunk.blocks.8.mlp.fc1.bias', 'backbone.language_backbone.encoder.transformer.resblocks.23.mlp.c_proj.bias', 'backbone.vision_backbone.trunk.blocks.13.mlp.fc2.bias', 'backbone.language_backbone.encoder.transformer.resblocks.0.attn.in_proj_bias', 'geometry_encoder.encode.1.norm3.bias', 'backbone.vision_backbone.trunk.blocks.23.norm1.bias', 'backbone.vision_backbone.trunk.blocks.23.mlp.fc1.bias', 'backbone.vision_backbone.trunk.blocks.23.attn.qkv.bias', 'transformer.decoder.norm.bias', 'backbone.vision_backbone.trunk.blocks.10.norm2.bias', 'backbone.vision_backbone.trunk.blocks.21.attn.proj.bias', 'transformer.encoder.layers.1.linear1.bias', 'backbone.language_backbone.encoder.transformer.resblocks.8.ln_1.bias', 'backbone.language_backbone.encoder.transformer.resblocks.0.attn.out_proj.bias', 'backbone.language_backbone.encoder.transformer.resblocks.20.attn.in_proj_bias', 'transformer.decoder.layers.1.norm1.bias', 'transformer.encoder.layers.3.cross_attn_image.in_proj_bias', 'backbone.vision_backbone.trunk.blocks.12.norm1.bias', 'backbone.language_backbone.encoder.transformer.resblocks.2.ln_1.bias', 'geometry_encoder.encode.1.cross_attn_image.out_proj.bias', 'backbone.vision_backbone.trunk.blocks.20.norm1.bias', 'transformer.decoder.layers.4.linear1.bias', 'backbone.vision_backbone.trunk.blocks.13.norm2.bias', 'backbone.language_backbone.encoder.transformer.resblocks.19.attn.in_proj_bias', 'backbone.language_backbone.encoder.transformer.resblocks.3.ln_2.bias', 'transformer.decoder.layers.4.linear2.bias', 'backbone.vision_backbone.trunk.blocks.12.attn.proj.bias', 'backbone.language_backbone.encoder.transformer.resblocks.11.mlp.c_fc.bias', 'transformer.decoder.boxRPB_embed_x.layers.1.bias', 'geometry_encoder.encode.1.linear2.bias', 'transformer.encoder.layers.3.norm1.bias', 'segmentation_head.pixel_decoder.conv_layers.1.bias', 'backbone.vision_backbone.trunk.blocks.10.mlp.fc2.bias', 'backbone.vision_backbone.trunk.blocks.3.attn.qkv.bias', 'transformer.encoder.layers.1.self_attn.in_proj_bias', 'backbone.vision_backbone.trunk.blocks.16.attn.proj.bias', 'transformer.encoder.layers.3.linear2.bias', 'backbone.language_backbone.encoder.transformer.resblocks.15.attn.out_proj.bias', 'transformer.encoder.layers.2.norm3.bias', 'backbone.vision_backbone.trunk.blocks.20.mlp.fc2.bias', 'transformer.encoder.layers.0.norm3.bias', 'transformer.decoder.layers.2.cross_attn.in_proj_bias', 'transformer.decoder.layers.0.norm2.bias', 'transformer.decoder.layers.1.linear2.bias', 'backbone.vision_backbone.trunk.blocks.19.attn.qkv.bias', 'backbone.language_backbone.encoder.transformer.resblocks.3.ln_1.bias', 'backbone.vision_backbone.trunk.blocks.14.mlp.fc2.bias', 'backbone.vision_backbone.trunk.blocks.0.mlp.fc1.bias', 'transformer.decoder.layers.3.ca_text.in_proj_bias', 'backbone.vision_backbone.trunk.blocks.27.norm2.bias'}
INFO 2026-03-28 16:09:14,456 optimizer.py: 217: Matches for module_cls_name [torch.nn.LayerNorm]: {'backbone.language_backbone.encoder.transformer.resblocks.8.ln_2.bias', 'transformer.encoder.layers.1.norm3.weight', 'backbone.vision_backbone.trunk.blocks.18.norm2.bias', 'backbone.vision_backbone.trunk.blocks.30.norm2.weight', 'transformer.decoder.layers.3.norm2.weight', 'dot_prod_scoring.prompt_mlp.out_norm.weight', 'backbone.vision_backbone.trunk.blocks.13.norm2.weight', 'transformer.decoder.layers.4.catext_norm.bias', 'backbone.language_backbone.encoder.transformer.resblocks.17.ln_2.bias', 'backbone.language_backbone.encoder.transformer.resblocks.16.ln_1.bias', 'backbone.vision_backbone.trunk.blocks.5.norm1.bias', 'backbone.vision_backbone.trunk.blocks.20.norm1.weight', 'backbone.language_backbone.encoder.transformer.resblocks.18.ln_2.weight', 'transformer.decoder.layers.0.catext_norm.bias', 'backbone.vision_backbone.trunk.blocks.15.norm2.bias', 'transformer.decoder.layers.4.norm2.weight', 'backbone.language_backbone.encoder.transformer.resblocks.16.ln_2.weight', 'backbone.language_backbone.encoder.transformer.resblocks.19.ln_2.bias', 'transformer.decoder.layers.0.norm1.weight', 'backbone.language_backbone.encoder.transformer.resblocks.16.ln_2.bias', 'transformer.decoder.layers.4.norm2.bias', 'backbone.vision_backbone.trunk.blocks.10.norm1.bias', 'backbone.vision_backbone.trunk.blocks.22.norm1.bias', 'transformer.decoder.layers.2.norm2.bias', 'backbone.vision_backbone.trunk.blocks.10.norm2.weight', 'backbone.vision_backbone.trunk.blocks.7.norm1.bias', 'backbone.vision_backbone.trunk.blocks.15.norm1.weight', 'backbone.language_backbone.encoder.transformer.resblocks.2.ln_1.weight', 'backbone.language_backbone.encoder.transformer.resblocks.22.ln_1.bias', 'backbone.vision_backbone.trunk.blocks.27.norm1.bias', 'backbone.vision_backbone.trunk.blocks.2.norm1.weight', 'backbone.vision_backbone.trunk.blocks.5.norm2.bias', 'backbone.vision_backbone.trunk.blocks.17.norm2.weight', 'backbone.vision_backbone.trunk.ln_pre.bias', 'transformer.decoder.layers.5.norm1.weight', 'backbone.vision_backbone.trunk.blocks.28.norm2.bias', 'segmentation_head.cross_attn_norm.bias', 'transformer.encoder.layers.4.norm1.weight', 'backbone.language_backbone.encoder.transformer.resblocks.23.ln_2.bias', 'backbone.language_backbone.encoder.transformer.resblocks.12.ln_1.weight', 'geometry_encoder.img_pre_norm.weight', 'backbone.language_backbone.encoder.transformer.resblocks.10.ln_2.weight', 'backbone.language_backbone.encoder.transformer.resblocks.8.ln_2.weight', 'transformer.decoder.layers.1.norm2.bias', 'backbone.vision_backbone.trunk.blocks.0.norm1.bias', 'backbone.vision_backbone.trunk.blocks.3.norm1.bias', 'backbone.language_backbone.encoder.transformer.resblocks.11.ln_2.bias', 'transformer.decoder.layers.3.norm3.weight', 'backbone.vision_backbone.trunk.blocks.3.norm1.weight', 'transformer.decoder.layers.1.norm1.weight', 'transformer.encoder.layers.5.norm3.bias', 'backbone.vision_backbone.trunk.blocks.4.norm2.bias', 'backbone.vision_backbone.trunk.blocks.23.norm2.weight', 'backbone.vision_backbone.trunk.blocks.18.norm1.weight', 'backbone.vision_backbone.trunk.blocks.19.norm2.weight', 'backbone.vision_backbone.trunk.blocks.29.norm1.weight', 'transformer.decoder.layers.5.norm1.bias', 'backbone.language_backbone.encoder.transformer.resblocks.22.ln_1.weight', 'backbone.language_backbone.encoder.transformer.resblocks.1.ln_2.weight', 'geometry_encoder.encode.0.norm3.bias', 'backbone.vision_backbone.trunk.blocks.26.norm2.bias', 'backbone.language_backbone.encoder.transformer.resblocks.2.ln_2.weight', 'geometry_encoder.encode.2.norm2.bias', 'backbone.vision_backbone.trunk.blocks.26.norm1.weight', 'transformer.decoder.layers.4.norm1.weight', 'backbone.language_backbone.encoder.transformer.resblocks.15.ln_2.weight', 'transformer.encoder.layers.1.norm1.bias', 'backbone.language_backbone.encoder.transformer.resblocks.14.ln_1.weight', 'backbone.language_backbone.encoder.transformer.resblocks.9.ln_2.weight', 'transformer.decoder.layers.5.norm3.weight', 'transformer.decoder.presence_token_out_norm.bias', 'backbone.vision_backbone.trunk.blocks.11.norm1.bias', 'transformer.decoder.layers.0.norm2.weight', 'backbone.vision_backbone.trunk.blocks.2.norm1.bias', 'backbone.vision_backbone.trunk.blocks.8.norm2.bias', 'backbone.vision_backbone.trunk.blocks.15.norm1.bias', 'transformer.encoder.layers.5.norm3.weight', 'backbone.vision_backbone.trunk.ln_pre.weight', 'backbone.language_backbone.encoder.transformer.resblocks.10.ln_1.bias', 'backbone.language_backbone.encoder.transformer.resblocks.1.ln_2.bias', 'transformer.encoder.layers.4.norm3.bias', 'backbone.language_backbone.encoder.transformer.resblocks.23.ln_1.weight', 'backbone.vision_backbone.trunk.blocks.31.norm1.bias', 'transformer.decoder.layers.2.norm3.bias', 'backbone.vision_backbone.trunk.blocks.12.norm1.weight', 'transformer.decoder.layers.5.norm3.bias', 'transformer.encoder.layers.3.norm2.bias', 'geometry_encoder.encode.2.norm3.weight', 'backbone.vision_backbone.trunk.blocks.12.norm2.weight', 'backbone.vision_backbone.trunk.blocks.0.norm1.weight', 'backbone.vision_backbone.trunk.blocks.29.norm2.weight', 'backbone.language_backbone.encoder.transformer.resblocks.1.ln_1.weight', 'backbone.language_backbone.encoder.transformer.resblocks.23.ln_1.bias', 'geometry_encoder.encode.1.norm2.bias', 'backbone.language_backbone.encoder.transformer.resblocks.19.ln_2.weight', 'backbone.language_backbone.encoder.transformer.resblocks.4.ln_2.bias', 'transformer.decoder.layers.5.norm2.bias', 'backbone.vision_backbone.trunk.blocks.15.norm2.weight', 'backbone.vision_backbone.trunk.blocks.24.norm1.bias', 'backbone.language_backbone.encoder.transformer.resblocks.0.ln_2.weight', 'backbone.vision_backbone.trunk.blocks.31.norm2.bias', 'backbone.language_backbone.encoder.transformer.resblocks.20.ln_1.bias', 'backbone.vision_backbone.trunk.blocks.21.norm2.weight', 'backbone.vision_backbone.trunk.blocks.16.norm1.bias', 'backbone.vision_backbone.trunk.blocks.14.norm1.bias', 'backbone.language_backbone.encoder.transformer.resblocks.22.ln_2.bias', 'geometry_encoder.encode.2.norm1.weight', 'transformer.encoder.layers.5.norm2.weight', 'transformer.decoder.layers.3.norm3.bias', 'transformer.decoder.layers.1.catext_norm.bias', 'backbone.language_backbone.encoder.transformer.resblocks.11.ln_1.bias', 'backbone.language_backbone.encoder.transformer.resblocks.5.ln_2.bias', 'backbone.vision_backbone.trunk.blocks.26.norm2.weight', 'backbone.language_backbone.encoder.transformer.resblocks.21.ln_2.weight', 'geometry_encoder.encode_norm.bias', 'backbone.vision_backbone.trunk.blocks.22.norm1.weight', 'backbone.vision_backbone.trunk.blocks.9.norm1.bias', 'transformer.decoder.layers.3.catext_norm.weight', 'backbone.vision_backbone.trunk.blocks.13.norm1.bias', 'transformer.encoder.layers.4.norm2.weight', 'backbone.vision_backbone.trunk.blocks.18.norm1.bias', 'backbone.vision_backbone.trunk.blocks.19.norm1.weight', 'backbone.language_backbone.encoder.transformer.resblocks.16.ln_1.weight', 'transformer.decoder.layers.0.norm1.bias', 'backbone.language_backbone.encoder.transformer.resblocks.12.ln_1.bias', 'backbone.language_backbone.encoder.transformer.resblocks.20.ln_1.weight', 'backbone.language_backbone.encoder.ln_final.bias', 'backbone.vision_backbone.trunk.blocks.19.norm1.bias', 'backbone.vision_backbone.trunk.blocks.6.norm1.weight', 'backbone.language_backbone.encoder.transformer.resblocks.7.ln_2.bias', 'backbone.language_backbone.encoder.transformer.resblocks.7.ln_2.weight', 'backbone.language_backbone.encoder.transformer.resblocks.11.ln_1.weight', 'backbone.vision_backbone.trunk.blocks.9.norm2.weight', 'backbone.vision_backbone.trunk.blocks.26.norm1.bias', 'backbone.vision_backbone.trunk.blocks.5.norm2.weight', 'transformer.decoder.layers.4.norm1.bias', 'segmentation_head.cross_attn_norm.weight', 'backbone.vision_backbone.trunk.blocks.0.norm2.weight', 'backbone.vision_backbone.trunk.blocks.4.norm2.weight', 'transformer.encoder.layers.0.norm3.weight', 'backbone.vision_backbone.trunk.blocks.24.norm1.weight', 'backbone.vision_backbone.trunk.blocks.1.norm1.bias', 'backbone.language_backbone.encoder.transformer.resblocks.14.ln_2.bias', 'transformer.decoder.layers.2.norm2.weight', 'transformer.decoder.layers.1.norm3.weight', 'backbone.vision_backbone.trunk.blocks.1.norm2.bias', 'backbone.vision_backbone.trunk.blocks.16.norm1.weight', 'geometry_encoder.encode.2.norm2.weight', 'backbone.vision_backbone.trunk.blocks.24.norm2.weight', 'backbone.vision_backbone.trunk.blocks.28.norm1.bias', 'backbone.vision_backbone.trunk.blocks.11.norm2.weight', 'transformer.encoder.layers.4.norm2.bias', 'geometry_encoder.img_pre_norm.bias', 'backbone.language_backbone.encoder.transformer.resblocks.17.ln_1.bias', 'backbone.language_backbone.encoder.transformer.resblocks.13.ln_1.weight', 'backbone.vision_backbone.trunk.blocks.31.norm1.weight', 'backbone.vision_backbone.trunk.blocks.30.norm2.bias', 'backbone.vision_backbone.trunk.blocks.20.norm2.weight', 'backbone.language_backbone.encoder.transformer.resblocks.4.ln_2.weight', 'backbone.language_backbone.encoder.transformer.resblocks.5.ln_1.bias', 'transformer.decoder.layers.2.catext_norm.weight', 'backbone.language_backbone.encoder.transformer.resblocks.0.ln_2.bias', 'backbone.language_backbone.encoder.transformer.resblocks.19.ln_1.weight', 'backbone.vision_backbone.trunk.blocks.3.norm2.bias', 'backbone.language_backbone.encoder.transformer.resblocks.15.ln_2.bias', 'backbone.vision_backbone.trunk.blocks.14.norm1.weight', 'backbone.vision_backbone.trunk.blocks.11.norm2.bias', 'backbone.vision_backbone.trunk.blocks.21.norm2.bias', 'backbone.language_backbone.encoder.ln_final.weight', 'backbone.vision_backbone.trunk.blocks.30.norm1.weight', 'backbone.vision_backbone.trunk.blocks.30.norm1.bias', 'backbone.vision_backbone.trunk.blocks.2.norm2.weight', 'geometry_encoder.encode.0.norm1.bias', 'geometry_encoder.encode.2.norm1.bias', 'transformer.encoder.layers.2.norm3.weight', 'backbone.language_backbone.encoder.transformer.resblocks.14.ln_2.weight', 'backbone.vision_backbone.trunk.blocks.4.norm1.bias', 'dot_prod_scoring.prompt_mlp.out_norm.bias', 'backbone.vision_backbone.trunk.blocks.6.norm2.bias', 'transformer.decoder.layers.3.norm2.bias', 'backbone.language_backbone.encoder.transformer.resblocks.0.ln_1.weight', 'backbone.language_backbone.encoder.transformer.resblocks.12.ln_2.bias', 'backbone.language_backbone.encoder.transformer.resblocks.13.ln_1.bias', 'backbone.language_backbone.encoder.transformer.resblocks.22.ln_2.weight', 'backbone.vision_backbone.trunk.blocks.17.norm1.weight', 'backbone.language_backbone.encoder.transformer.resblocks.9.ln_1.bias', 'transformer.decoder.layers.2.norm1.bias', 'transformer.decoder.layers.0.norm3.bias', 'backbone.vision_backbone.trunk.blocks.12.norm2.bias', 'geometry_encoder.norm.bias', 'backbone.vision_backbone.trunk.blocks.1.norm1.weight', 'transformer.encoder.layers.3.norm3.bias', 'backbone.language_backbone.encoder.transformer.resblocks.18.ln_1.bias', 'backbone.language_backbone.encoder.transformer.resblocks.20.ln_2.bias', 'transformer.decoder.layers.4.norm3.bias', 'backbone.vision_backbone.trunk.blocks.23.norm2.bias', 'backbone.vision_backbone.trunk.blocks.8.norm2.weight', 'transformer.encoder.layers.3.norm3.weight', 'transformer.decoder.layers.5.norm2.weight', 'backbone.language_backbone.encoder.transformer.resblocks.19.ln_1.bias', 'backbone.vision_backbone.trunk.blocks.21.norm1.bias', 'backbone.vision_backbone.trunk.blocks.8.norm1.bias', 'geometry_encoder.encode.2.norm3.bias', 'transformer.encoder.layers.4.norm1.bias', 'transformer.decoder.presence_token_out_norm.weight', 'backbone.vision_backbone.trunk.blocks.9.norm2.bias', 'geometry_encoder.encode.1.norm1.bias', 'backbone.language_backbone.encoder.transformer.resblocks.6.ln_2.bias', 'backbone.language_backbone.encoder.transformer.resblocks.17.ln_1.weight', 'transformer.decoder.layers.3.norm1.bias', 'transformer.encoder.layers.0.norm1.bias', 'backbone.vision_backbone.trunk.blocks.1.norm2.weight', 'transformer.encoder.layers.3.norm1.weight', 'backbone.vision_backbone.trunk.blocks.6.norm1.bias', 'backbone.vision_backbone.trunk.blocks.25.norm2.bias', 'backbone.vision_backbone.trunk.blocks.29.norm2.bias', 'backbone.vision_backbone.trunk.blocks.28.norm2.weight', 'backbone.vision_backbone.trunk.blocks.25.norm2.weight', 'transformer.decoder.layers.2.norm3.weight', 'backbone.language_backbone.encoder.transformer.resblocks.12.ln_2.weight', 'backbone.vision_backbone.trunk.blocks.17.norm2.bias', 'transformer.decoder.layers.1.norm2.weight', 'transformer.encoder.layers.5.norm2.bias', 'backbone.vision_backbone.trunk.blocks.8.norm1.weight', 'transformer.encoder.layers.1.norm2.bias', 'backbone.vision_backbone.trunk.blocks.13.norm1.weight', 'backbone.vision_backbone.trunk.blocks.16.norm2.bias', 'geometry_encoder.encode.0.norm2.bias', 'backbone.vision_backbone.trunk.blocks.25.norm1.bias', 'backbone.language_backbone.encoder.transformer.resblocks.4.ln_1.bias', 'backbone.language_backbone.encoder.transformer.resblocks.5.ln_2.weight', 'backbone.vision_backbone.trunk.blocks.18.norm2.weight', 'backbone.vision_backbone.trunk.blocks.10.norm1.weight', 'transformer.decoder.layers.0.catext_norm.weight', 'transformer.decoder.layers.1.catext_norm.weight', 'transformer.encoder.layers.2.norm2.bias', 'transformer.decoder.norm.weight', 'backbone.language_backbone.encoder.transformer.resblocks.3.ln_2.weight', 'backbone.vision_backbone.trunk.blocks.29.norm1.bias', 'backbone.vision_backbone.trunk.blocks.16.norm2.weight', 'backbone.language_backbone.encoder.transformer.resblocks.10.ln_2.bias', 'transformer.encoder.layers.3.norm2.weight', 'backbone.language_backbone.encoder.transformer.resblocks.18.ln_1.weight', 'transformer.decoder.layers.4.catext_norm.weight', 'backbone.vision_backbone.trunk.blocks.22.norm2.bias', 'backbone.vision_backbone.trunk.blocks.27.norm2.weight', 'backbone.vision_backbone.trunk.blocks.25.norm1.weight', 'backbone.language_backbone.encoder.transformer.resblocks.5.ln_1.weight', 'geometry_encoder.encode.1.norm3.weight', 'backbone.language_backbone.encoder.transformer.resblocks.9.ln_2.bias', 'backbone.language_backbone.encoder.transformer.resblocks.21.ln_2.bias', 'backbone.language_backbone.encoder.transformer.resblocks.7.ln_1.weight', 'transformer.decoder.layers.5.catext_norm.weight', 'backbone.vision_backbone.trunk.blocks.24.norm2.bias', 'transformer.encoder.layers.4.norm3.weight', 'transformer.decoder.layers.2.norm1.weight', 'transformer.encoder.layers.5.norm1.bias', 'transformer.encoder.layers.1.norm1.weight', 'backbone.vision_backbone.trunk.blocks.0.norm2.bias', 'backbone.vision_backbone.trunk.blocks.21.norm1.weight', 'geometry_encoder.encode.0.norm1.weight', 'backbone.vision_backbone.trunk.blocks.27.norm1.weight', 'backbone.language_backbone.encoder.transformer.resblocks.11.ln_2.weight', 'backbone.language_backbone.encoder.transformer.resblocks.0.ln_1.bias', 'backbone.vision_backbone.trunk.blocks.31.norm2.weight', 'backbone.language_backbone.encoder.transformer.resblocks.15.ln_1.bias', 'transformer.encoder.layers.2.norm2.weight', 'backbone.language_backbone.encoder.transformer.resblocks.14.ln_1.bias', 'transformer.encoder.layers.0.norm2.bias', 'transformer.encoder.layers.2.norm1.bias', 'geometry_encoder.encode.0.norm3.weight', 'transformer.decoder.layers.3.catext_norm.bias', 'backbone.vision_backbone.trunk.blocks.23.norm1.weight', 'transformer.decoder.layers.1.norm3.bias', 'transformer.decoder.layers.5.catext_norm.bias', 'backbone.vision_backbone.trunk.blocks.17.norm1.bias', 'backbone.language_backbone.encoder.transformer.resblocks.6.ln_1.weight', 'backbone.vision_backbone.trunk.blocks.3.norm2.weight', 'backbone.vision_backbone.trunk.blocks.7.norm2.weight', 'backbone.language_backbone.encoder.transformer.resblocks.13.ln_2.bias', 'backbone.language_backbone.encoder.transformer.resblocks.21.ln_1.bias', 'backbone.vision_backbone.trunk.blocks.2.norm2.bias', 'backbone.vision_backbone.trunk.blocks.7.norm1.weight', 'backbone.language_backbone.encoder.transformer.resblocks.20.ln_2.weight', 'backbone.language_backbone.encoder.transformer.resblocks.10.ln_1.weight', 'transformer.encoder.layers.0.norm2.weight', 'backbone.vision_backbone.trunk.blocks.6.norm2.weight', 'transformer.encoder.layers.1.norm2.weight', 'backbone.language_backbone.encoder.transformer.resblocks.8.ln_1.weight', 'geometry_encoder.norm.weight', 'geometry_encoder.encode.1.norm1.weight', 'backbone.vision_backbone.trunk.blocks.22.norm2.weight', 'backbone.vision_backbone.trunk.blocks.19.norm2.bias', 'backbone.vision_backbone.trunk.blocks.7.norm2.bias', 'transformer.encoder.layers.1.norm3.bias', 'backbone.vision_backbone.trunk.blocks.11.norm1.weight', 'backbone.language_backbone.encoder.transformer.resblocks.1.ln_1.bias', 'backbone.vision_backbone.trunk.blocks.20.norm2.bias', 'backbone.language_backbone.encoder.transformer.resblocks.7.ln_1.bias', 'backbone.language_backbone.encoder.transformer.resblocks.17.ln_2.weight', 'backbone.language_backbone.encoder.transformer.resblocks.23.ln_2.weight', 'geometry_encoder.encode_norm.weight', 'transformer.encoder.layers.2.norm1.weight', 'backbone.language_backbone.encoder.transformer.resblocks.18.ln_2.bias', 'transformer.decoder.layers.4.norm3.weight', 'backbone.language_backbone.encoder.transformer.resblocks.2.ln_2.bias', 'backbone.vision_backbone.trunk.blocks.14.norm2.bias', 'backbone.vision_backbone.trunk.blocks.28.norm1.weight', 'backbone.language_backbone.encoder.transformer.resblocks.9.ln_1.weight', 'backbone.language_backbone.encoder.transformer.resblocks.6.ln_1.bias', 'transformer.decoder.layers.3.norm1.weight', 'transformer.decoder.layers.2.catext_norm.bias', 'backbone.language_backbone.encoder.transformer.resblocks.6.ln_2.weight', 'transformer.encoder.layers.0.norm1.weight', 'transformer.decoder.layers.0.norm3.weight', 'geometry_encoder.encode.1.norm3.bias', 'geometry_encoder.encode.0.norm2.weight', 'backbone.vision_backbone.trunk.blocks.23.norm1.bias', 'backbone.vision_backbone.trunk.blocks.5.norm1.weight', 'transformer.decoder.norm.bias', 'backbone.vision_backbone.trunk.blocks.10.norm2.bias', 'backbone.language_backbone.encoder.transformer.resblocks.8.ln_1.bias', 'transformer.decoder.layers.1.norm1.bias', 'backbone.language_backbone.encoder.transformer.resblocks.21.ln_1.weight', 'backbone.language_backbone.encoder.transformer.resblocks.15.ln_1.weight', 'backbone.vision_backbone.trunk.blocks.14.norm2.weight', 'backbone.vision_backbone.trunk.blocks.12.norm1.bias', 'backbone.language_backbone.encoder.transformer.resblocks.2.ln_1.bias', 'backbone.vision_backbone.trunk.blocks.20.norm1.bias', 'backbone.language_backbone.encoder.transformer.resblocks.13.ln_2.weight', 'backbone.vision_backbone.trunk.blocks.13.norm2.bias', 'backbone.vision_backbone.trunk.blocks.9.norm1.weight', 'backbone.language_backbone.encoder.transformer.resblocks.3.ln_2.bias', 'backbone.language_backbone.encoder.transformer.resblocks.4.ln_1.weight', 'transformer.encoder.layers.3.norm1.bias', 'backbone.vision_backbone.trunk.blocks.4.norm1.weight', 'transformer.encoder.layers.2.norm3.bias', 'transformer.encoder.layers.0.norm3.bias', 'transformer.encoder.layers.5.norm1.weight', 'transformer.decoder.layers.0.norm2.bias', 'backbone.language_backbone.encoder.transformer.resblocks.3.ln_1.bias', 'backbone.language_backbone.encoder.transformer.resblocks.3.ln_1.weight', 'geometry_encoder.encode.1.norm2.weight', 'backbone.vision_backbone.trunk.blocks.27.norm2.bias'} 
/var/spool/slurm/d/job21610190/slurm_script: line 20: 40079 Segmentation fault      python sam3/train/train.py -c configs/ua_geo/ua_geo_train.yaml
